{"s01": {"e01": {"Joey": 136, "Alright Ross": 23, "Monica": 74, "Rachel": 36, "Chandler": 104, "Ross": 185, "Sweet": 149, "Barry": 409, "Potato Head": 149, "Christine": 6, "Push": 45, "Paul": 153, "Paul the Wine Guy": 14, "La-la-la-la-la-": 32, "La-la-la-la": 32, "Carol": 17, "Barry Finkel": 95, "Cookie Dough": 77, "Cherry Vanilla": 77, "kinda revelation": 10, "Joanne Louise Cunningham": 20, "Joanne loved": 8, "Billy": 27, "Andrea": 22, "Angela": 6, "Lenny": 7, "Tony DeMarco": 13, "John": 16, "David": 16, "Rach": 29, "Liza": 9}, "e02": {"Pink Floyd": 31, "Marty": 7, "Monica": 57, "Ross": 159, "Easy Rach": 7, "Doy": 7, "Ohhhhh": 4, "W-w-wh-": 3, "w-w": 3, "Carol": 30, "Susan": 209, "Martha Ludwin's": 13, "Curry": 1, "Ludwins": 15, "Rachel": 21, "chubby": 42, "Chandler": 12, "d'ya": 6, "Barry": 154, "Oberman": 8, "Robbie": 11, "Farber": 5, "Jason Greenstein's": 5, "Mouse": 18, "Minnie": 15, "Julia": 41, "Mindy": 119, "Helen": 6, "Helen Geller": 6, "Helen Willick": 6, "Helen Willick-Bunch": 8, "Helen Willick-Bunch-Geller": 15, "Geller-Willick-Bunch": 6, "Geller": 28, "Mind, y'know": 80}, "e03": {"Ross": 55, "Millners": 70, "Chi Chi": 42, "Whoah": 1, "Nah": 11, "Decaf cappucino": 24, "Joey": 95, "Phoebe": 18, "Chandler": 24, "Alan": 198, "Steve": 7, "Schhorry": 2, "Buffay": 50, "Nono": 13, "David Hasselhoff": 22, "Bugs Bunny": 30, "Bugs": 60, "Alan-ness": 9, "Lizzie": 2, "alphabet soup": 5, "Monica": 68, "Ohh-ho-hooohhh": 10, "Lambchop": 22, "Game": 18}, "e04": {"Chandler": 48, "Joey": 47, "Ross": 44, "Rachel": 26, "Carol": 81, "her lesbian lover": 37, "Bunny": 2, "Barry": 12, "Artelle": 46, "Rach": 24, "Phoebe": 28, "Twister": 28, "Uh- Rachel": 10, "Monica": 29, "Jack": 47, "YESSS": 14, "G.Stephanopoulos": 5, "George Stephanopoulos'": 8, "George Snuffalopagus": 5, "Lemme": 8, "Clinton": 17, "Dora": 69, "George": 12, "Whoah": 18, "Jason Hurley": 17, "Jason": 5, "Tommy Rollerson": 19}, "e05": {"Chandler": 29, "Tony": 21, "Joey": 86, "Angela": 91, "Rachel": 43, "Monica": 53, "Bob": 160, "Bob...": 29, "Joe": 13, "Snuggles": 35, "kinda": 35, "Bullwinkle": 74, "Rach": 16, "Ross": 51, "Lee-lo": 6, "Norman Mailer": 19, "La la la la la la la": 15}, "e06": {"Joey": 50, "Eva": 19, "Ross": 29, "Chandler": 56, "Whoah": 46, "Rick": 37, "Ethan": 67, "Richard": 9, "Monica": 131, "Raggedy Ann": 16, "Al Pacino": 74, "Kay": 81, "Al Pacino's": 37, "Aurora": 60, "Butt Guy": 11, "Andrew": 25, "Shut": 62, "Grinch": 62, "Joey Tribbiani's": 65}, "e07": {"Shh": 16, "Phoebe Buffay": 16, "Goodacre": 11, "Jill": 69, "Jill Goodacre": 120, "Rabbi Tribbiani": 8, "Chandler": 104, "Jll Gdcr": 21, "Ross": 61, "Carol": 33, "Rachel": 67, "Barry": 34, "Look Ross": 30, "Joey": 57, "Bob Buttons": 14, "Paolo": 82, "Monica": 36, "blah blah": 8, "Goooooooddddddd": 23, "Se": 3, "Bwah-hah-hah": 1, "Mwwwooooo": 9}, "e08": {"Shelley": 38, "Phoebe": 19, "Susan Sallidor": 12, "Bernie Spellman": 30, "Ross": 23, "Rachel": 9, "Paolo": 21, "Bon giorno": 10, "Monica": 38, "Sweet": 24, "Geller": 2, "Aunt Phyllis": 10, "Chandler": 49, "Nono": 14, "Jack Geller": 21, "Brian": 173, "Nonono": 12, "Hm-m.": 1, "Brent Mussberger": 9, "Sorry- Hi": 5, "Dorothy": 16, "Rachel Rachel": 8, "Mardi Gras": 12}, "e09": {"Terry": 32, "Ross": 43, "Mom": 15, "Blymens": 7, "Joey Tribbiani": 30, "Joey": 19, "Chandler": 65, "Rach": 22, "Carol": 24, "Susan": 34, "Aramis": 32, "Blossom": 6, "Monica": 28, "Phoebe": 10, "Shh": 25, "smirky": 29, "Mario": 72, "Naked Guy's": 26, "Winner": 12}, "e10": {"Bethel": 21, "Ross": 45, "Carol": 11, "Nah": 29, "Joey": 10, "Paolo": 114, "Dick Clark": 50, "Phoebe Buffay": 13, "La lalala la la la la lalala la la": 36, "Daryl Hannah": 72, "Marcel": 26, "God": 34, "David": 63, "Scientist Guy": 8, "kinda": 6, "Chandler": 44, "Fun Bobby": 42, "Fun Bob": 7, "Max": 66, "Rachel": 10, "Jerk": 5, "Haaah": 9, "Whoah": 6, "Phoebe": 63, "Monica": 34, "Bobby": 5, "Nonono": 8}, "e11": {"Momma": 5, "Whistle": 5, "Coma Guy": 21, "Nora Tyler Bing": 31, "Weekend": 16, "Chandler": 156, "Rigatoni": 7, "Nora Bing": 3, "Awww": 1, "Glen": 16, "Agamemnon": 4, "Ross": 38, "Bing": 36, "Myyy": 5, "Paolo": 92, "Joey": 70, "Gloria Tribbiani": 24, "Rachel": 53, "Mom-": 39, "Rachel Karen Green'": 7, "Rach": 2, "Phoebe Buffay": 19, "Kay": 51, "Phoebe": 6, "Mother-Kisser": 15, "Aaah": 19, "Monica Geller": 9, "Shh": 16, "Geller": 2}, "e12": {"Aunt Syl": 103, "Ross": 75, "Uncle Freddie": 35, "Mommy": 36, "Mmaah": 3, "Steele": 35, "mmwa": 17, "Monica": 20, "Susan": 69, "Huey Lewis": 9, "Tanya": 11, "ho ho ho": 17, "mmmwa oh": 7, "mmmwa Susan": 7, "Angela Delvecchio": 17, "Kip": 40, "Somerfield": 25, "Bella Phoebe": 4, "Paolo": 169, "Racquela": 7, "Carol": 14, "Chandler": 10, "Rach": 34, "Rachel": 73, "Wha-I'm": 12}, "e13": {"Vinyl": 15, "Whoah whoah": 11, "Sparky": 11, "Adam": 22, "Trib": 14, "Roger": 44, "Ross": 19, "Chandler": 68, "Bazida": 19, "Ma": 40, "Joe": 54, "Tit": 6, "Rog": 12, "Nonono": 7, "Rachel": 6, "Geez": 6, "Joey Tribbiani": 13, "Joey": 112, "Ronni": 51, "Kerplunk": 9, "Kicky": 5, "Ronni Rappelano": 7, "Chandler Bing": 8, "James Bond": 34, "Sting": 55, "Tina": 51, "Waltons": 8, "Awww": 1, "Rachel Green": 12}, "e14": {"Ross": 64, "Rachel": 35, "Roger": 21, "Phoebe": 19, "Joey": 86, "Zinfandel": 29, "Lorraine": 18, "Pete Carney": 18, "Pete the Weeper": 20, "Howard-the-\"I-win\"-guy": 29, "Abby": 29, "Chandler": 45, "Rob Roy": 14, "Ohhh": 5, "Monica": 2, "Helloo": 13, "Barry": 7, "Adam Ritter's": 7, "Nokululu Oon Ah Ah": 15, "Scotty Jared": 8, "Paulo": 9, "Valentine": 48, "Carol": 99, "Kristen Riggs": 44, "Carol Willick": 44, "Kristin": 132, "Chan": 11, "Jan Forever": 11, "Chandler Bing": 19}, "e15": {"Monica": 52, "Rach": 5, "Chandler": 101, "Tedlock": 19, "Kostelick": 17, "Steve": 41, "Phoebe": 56, "Suity-Man": 6, "Robert Pillman": 17, "Brian": 3, "Yummy": 2, "Tony": 12, "Ross": 29, "Wendy": 96, "vulva": 3, "Vulva": 1, "Joey": 2, "Keep": 7, "Kostelic": 111, "Helen": 18, "Rachel": 36, "Weed": 11, "Cheech": 7, "Judy": 11, "Gummi": 13, "James Michener": 34}, "e16": {"Miss": 25, "Phoebes Phoebe": 7, "Liam Neeson": 7, "Gym": 12, "Ross": 50, "Rostins": 18, "Err": 47, "J.C.": 18, "Michael": 18, "Alrighty": 5, "Ross Geller": 35, "Carol Willick": 35, "Susan Bunch": 35, "Susan": 56, "Nina Bookbinder": 7, "Rach": 24, "Ursula": 27, "Joey": 36, "Laverne": 6, "Shirley": 6, "D": 6, "Evelyn": 12, "Heckles": 31, "Ohhh... Sure": 6, "Douglas": 3, "Flanen-nen": 30, "Flanen": 30, "Flan": 30, "Mom": 16, "Helen": 18, "Bookbinders": 18, "Judy Jetson": 67, "Randy Brown": 67}, "e17": {"Wel-wel": 6, "Ross": 16, "Phoebe": 4, "Monica": 71, "Rachel": 53, "Mitchell": 5, "Rosen": 5, "Rach": 16, "Betty": 86, "Joey": 63, "Geoffrey": 2, "Ernest": 17, "Tova Borgnine": 17, "God": 4, "Err yeh": 16, "li": 27, "Dad": 27, "Billy Dreskin": 36, "lemme lemme": 21, "Judy Jetson": 10, "Michael": 1, "Tso": 12, "Mira, Mira": 10, "el viejo desnudo": 10, "haciendo el hula hoop": 10, "Ewww": 1, "Mira, Ross": 8, "Marcel": 8}, "e18": {"Green": 26, "Linda": 18, "Joey": 33, "Phoebs": 8, "Monica": 77, "Rach": 21, "Settle": 2, "Jamestown": 15, "King George": 15, "Rachel": 81, "Ross": 217, "Pictionary": 8, "Aunt Iris": 34, "Tony Randall": 4, "Lesson": 24, "Kinda": 8, "jack": 16, "Joker": 15, "Chandler": 1, "Rachel Green": 3, "Barbara": 32, "Loser": 2}, "e19": {"Earl Grey": 37, "Cinnamon Stick": 37, "Mint Medley": 37, "Lemon Soother": 37, "Rachel Green": 15, "Barry": 204, "Mindy": 64, "Rach": 44, "Whoah": 33, "Paolo": 49, "Lou Grant": 13, "Hugh Grant": 3, "Marcel": 172, "Aunt Monica": 25, "Rachel": 53, "Francis": 97, "Monica": 118, "Dexter": 97, "Phoebe": 21, "Ross": 122, "Heckles": 16, "Saw Regis Philbin": 4, "kinda": 43, "Monica Geller": 24, "Luisa Gianetti": 12, "Lincoln High": 12, "Luisa": 116, "Nono": 37, "Bananaman": 3, "Patti": 20, "Gotcha": 7, "Ooh": 26}, "e20": {"Peanut": 51, "Salty": 35, "Ugly Naked Guy": 15, "Rachel": 44, "Barry": 147, "Rach": 45, "Bendall": 23, "Orthodontist Guy": 26, "Mindy": 245, "Farber": 28, "Bobby Rush": 9, "Bernice": 27, "Miss Green": 18, "Ross": 21, "Chandler": 70, "Laurie Schaffer": 61, "Circle": 5, "a Sidney Marks": 13, "Sidney": 20, "Joey": 1, "Ingrid Bergman": 10, "Barr": 11, "s'Barry": 11, "Jason Costalano": 16, "Barry Farber": 26}, "e21": {"Monica": 193, "Ross": 34, "Marcel": 65, "Joey": 31, "Shall": 7, "Joey... Pepponi": 4, "Joe": 22, "Joe...Joe...Joe...Stalin": 1, "Stalin": 16, "Joe Stalin": 6, "Joseph": 4, "Joseph Stalin": 47, "Bye Bye Birdie": 16, "Fiddler": 16, "Monica Geller": 36, "Rachel": 12, "Monana": 90, "monkey lovin": 32, "zoos": 52, "Gunnersens": 29, "Dead Poets'": 26, "Doubtfire": 9, "Flame Boy": 2, "Y'know": 41, "Helloooo": 6, "Mercutio": 10, "Holden McGroin": 2}, "e22": {"Chan": 8, "Joey": 27, "Phoebs": 27, "Carol": 50, "Ethan": 33, "Bing": 85, "Ross": 35, "Andr": 43, "Boss": 64, "Chandler": 90, "Joan Collins": 34, "Power Ranger": 19, "Karaoke": 18, "Tracy": 18, "Ebony": 18, "Caring Boss": 29, "Boss Man Bing": 29, "Monica": 88, "Stevie Wonder": 6, "Gerston": 21, "Rossy": 4}, "e23": {"Joey": 133, "Ross": 82, "Chandler": 7, "Susan": 70, "Chunkys": 16, "Franzblau": 35, "Quartz": 4, "Rachel Green": 22, "Carol": 57, "Knick": 15, "Wha": 18, "chubby": 46, "Joey Tribbiani": 15, "Jordie": 126, "Jamie": 31, "Jessy": 29, "Cody": 29, "Dylan fiasco": 29, "Lydia": 42, "Push": 86, "ho": 42, "Ben": 280, "Ed": 8}, "e24": {"Ben": 46, "Awww": 7, "Ross": 230, "Pffffffft": 11, "Chan": 14, "Joey": 74, "Cook": 5, "Ewww": 1, "Melanie": 13, "Aaaaaahhhh": 18, "Rachel": 42, "Carl": 33, "Alvin...": 7, "Seuss": 4, "Rach": 36, "Monica": 34, "Ed Begley": 39}}, "s02": {"e01": {"Ross": 817, "Rachel": 311, "Chandler": 280, "Back": 27, "Julie": 205, "Vidal Buffay": 8, "Rach": 116, "Monica": 71, "Joey": 28, "Julie!": 13, "Frankie": 56, "Rrrooossss": 43, "Ewww": 1, "Paulo": 83, "Raquel": 3, "Joey Tribbiani": 17, "Demi Moore": 30, "Arthur": 10, "Dudley Moore": 11, "Indecent Proposal": 10, "Mary Tyler Moore": 7, "Dad": 11, "Andie McDowell's": 36, "Rodney McDowell": 19, "Andie McDowell": 19}, "e02": {"Ben": 41, "Carol": 68, "Joey": 24, "Chandler": 30, "Monica": 242, "Rachel": 54, "Julie": 87, "Jules": 11, "Bijan": 169, "Mornin": 5, "Ross": 145, "Ju Hi": 20, "Jew": 26, "Eddie Moskowitz": 18, "Judy": 1, "Jody": 1, "Joanne": 72, "Steve": 72, "Howdy": 1, "Miss Kitty": 16, "We're": 36, "mornin": 4, "Todd": 10}, "e03": {"Joan": 4, "Chandler": 128, "Adam": 54, "Joey": 10, "Maureen Rosilla": 2, "Yanni": 8, "Heckles": 146, "Janice": 7, "Chandler Bing": 23, "Bermuda": 9, "Nah": 3, "Darwin": 24, "Evolution": 48, "Phoebe": 24, "Isaac Newton": 7, "Buddy Boyle": 24, "Monica": 62, "Ross": 119, "Aloneville": 29, "Helloo": 1, "Alison": 63, "Takin": 5}, "e04": {"Duncan": 38, "Monica": 49, "Fun Bobby": 33, "Joey": 44, "Ross": 46, "Julie": 147, "Foxy": 2, "Snoopy": 18, "Chandler": 15, "Rach": 21, "kinda bossy": 25, "Ta-da": 1, "Roger": 28, "Shh": 57, "Nah": 5, "Thomas": 16, "Cobb": 16, "Gobb": 3}, "e05": {"Julie": 36, "Rodrigo": 31, "Bob": 350, "Jane": 63, "James Bond": 28, "Ross": 160, "Chandler": 111, "Leon": 132, "Monica": 72, "Roper": 12, "Miss": 5, "Joey": 74, "Hootie": 49, "Bumpy": 1, "Monica Geller": 7, "Stevie Fisher": 25, "Stevie": 9}, "e06": {"Maye": 3, "Ben": 122, "Crankypants": 11, "kinda moody": 12, "Monica": 39, "Joey": 71, "Ross": 74, "Kiwi": 10, "Thro": 8, "Sal": 9, "Rach": 21, "Rachel": 10, "Stephanie": 29, "Terry": 59, "La la la la la la la": 58, "Carlin": 12, "Joe": 24, "Marquel": 7, "Stephanie Schiffer": 4, "Christine": 8, "Want Daddy": 24, "Uncle Chandler": 24}, "e07": {"Chandler": 52, "Phoebs": 9, "Sorry Phoebs": 2, "Joey": 15, "Rachel": 39, "Monica": 120, "Ross": 207, "Michael": 121, "Scott": 27, "Julie": 153, "Rach": 29, "Ohhhhhhhh": 2, "Meeting Julie": 2, "Julie.": 45}, "e08": {"Ross": 296, "Monica": 28, "Rachel": 410, "Julie": 438, "Neil": 150, "Will Betty": 75, "Ju...Loolie": 75, "Rastatter": 14, "Easter": 40, "Julie, Ross": 44, "chubby": 7, "Rach": 118, "Chandler": 24, "Ned": 28, "Ben": 50, "Joey": 7, "Michelle": 61}, "e09": {"Gershwin": 12, "Rach": 88, "Gunther": 20, "Ben": 13, "Susan": 20, "Ross": 57, "Oprah": 7, "Joey": 1, "Phoebe": 10, "Esther Livingston": 3, "Phoe": 14, "Whatcha": 4, "Monica": 64, "Frank Buffay": 35, "Laurel Drive": 23, "Grandpa": 14, "Eeeshk": 14, "Brake": 5, "Treeger": 110, "Rachel Green": 59, "Rachel": 17, "Hanukkah": 20, "gel boy": 6, "basil": 8, "Huh-hoo": 6, "ya know": 41, "Phoebs": 37, "Sweet": 5}, "e10": {"Fun Bobby's": 36, "Fun Bobby": 51, "Joey": 42, "Monica": 11, "Rach": 20, "Bobby": 23, "Lorne Green": 4, "Ross": 131, "Russ": 89, "Lori": 65, "Joey Tribbiani": 60, "Bob Saget": 13, "Russ, Ross": 11, "Rachel": 27, "Chandler": 23, "Denise DeMarco": 10, "Wanna": 24, "Knights": 20, "Russ is Ross": 5, "Russ... Ross": 5, "Steve": 2, "Ewww": 4, "Drake Ramore": 16}, "e11": {"Winky": 14, "Susan": 177, "Carol": 50, "Ross": 132, "Wallace": 15, "Drake Ramoray": 15, "Damnit Braverman": 12, "Adelman": 21, "Barry": 118, "Rod Steiger": 20, "Monica": 37, "Joey": 17, "Chandler": 13, "Green": 3, "Evelyn Dermer": 30, "marijuana": 19, "George and Adelaide": 41, "Superman": 31, "Rose": 3, "Ben": 4}, "e12": {"Ross": 34, "Rhythm": 1, "Erica Ford": 31, "Travelin": 8, "Rob Dohnen": 7, "Erica": 47, "Dean Lipson": 12, "Geller": 25, "Joey": 95, "Cathy Bates": 7, "Drake Remore": 111, "Phoebe": 11, "La-la-la": 76, "Drake": 27, "Ooh": 30, "kinda hopin'": 22, "Thinkin": 3, "Lipson": 39, "Opossum": 20, "Leslie": 13, "Sabrina": 25, "Hans Remore": 11, "Hans...Hans": 3, "Goodbye Erica": 9, "Hans": 5, "Barney": 10, "Rachel": 4, "la la-la-la la-la-la-la-la-la-la": 23}, "e13": {"Harry Elefante": 14, "Cybill Shepard": 7, "Jerry": 24, "Chris": 14, "Jean-Claude Van Damme": 80, "Gabe Kaplan": 30, "Chandler": 39, "Chandler Bing": 2, "Susie Moss": 32, "denim cap": 18, "Van Damme": 31, "uhhm": 23, "Stephen Hurs": 21, "David Stein": 21, "Ernie": 15, "Jean-Claude": 28, "Drew Barrymore": 44, "Joey": 32, "Marcel": 42, "Rachel": 34, "Monica": 12, "Susie": 34, "Susie Underpants": 14, "Sudden Death": 35, "Drew": 44, "Ross": 48, "Phoebs": 9, "Cathy": 37, "Mommy": 2}, "e14": {"Chandler": 31, "d'ya": 4, "Ohhh": 27, "Chandler Bing": 11, "Rachel": 244, "Casey": 146, "ya know": 26, "couples walkin": 37, "Monica": 59, "Ross": 48, "Dave Thomas": 10, "Gail": 2, "T": 21, "Ross Geller": 16, "Wha": 16, "Phoebs": 54, "Steffi Graf": 15, "Carol": 8, "Susan": 8, "Jack": 74, "Judy": 56, "Gunther": 13, "Cotter": 4, "Roy Gublik": 7, "Roy": 23}, "e15": {"Sweet": 9, "Green Acres": 18, "Aaahhhh": 2, "Dick Van Dyke": 12, "Rose Marie": 10, "Monica": 39, "Adam": 27, "Eve": 27, "James Bond": 3, "Monica Geller": 18, "Burke": 93, "Phoebe": 13, "Barbara": 18, "Ross": 29, "Rachel": 12, "foolin": 19, "dessert": 27, "Richard Burke": 35, "Michelle": 4, "Henry": 40, "Sorentino": 9, "Shh": 7}, "e16": {"Joey": 16, "Ross": 118, "Lily": 12, "Phoebe": 44, "Rich": 33, "Richard": 119, "Monica": 66, "Burke": 9, "Richard Burke": 7, "twinkie": 17, "Jack": 32, "Rach": 10, "Foghorn Leghorn": 25, "Judy": 11, "Harmon Kilerbrew": 15, "Bob": 15, "Johnny Shapiro": 24, "Johnny": 24, "Bert": 24, "Ernie": 24, "Al-alright": 14, "lemme se": 19, "kittens": 11, "ya know": 39, "Wanna": 6}, "e17": {"Casa de Joey": 12, "Joey": 63, "Chandler": 29, "Ross": 62, "Damnit Ross": 9, "Yasmine Blepe": 23, "Tony": 124, "Dino": 36, "Call Joanna": 30, "Chan": 22, "Eddie": 54, "Jo": 10, "Jonny Neweggs": 54, "Monica": 7}, "e18": {"Brad": 14, "Drake": 8, "Ramone": 39, "Speed Racer": 15, "Sean Penn": 140, "Eddie": 242, "ya know": 116, "Monica": 64, "Phoebe": 21, "Eddie Minowick": 5, "Chandler": 51, "Page 42": 6, "Alex": 51, "Richard": 13, "Barbara": 26, "Billy Dreskin": 11, "Pete Carney": 11, "Barry": 11, "Paolo": 131, "Look Eddie": 38, "Pocket": 38, "Ross": 128, "Paulo": 35, "Hurry": 7, "John Savage": 22, "John Voit": 38, "Joey": 44, "Remore": 8, "Horton": 20, "Wong": 20, "Sorry Joey": 2, "kinda hopin": 13, "Joey honey": 19, "Listen Eddie": 17}, "e19": {"Hannibal Lecter": 5, "Drake Remoray": 114, "Jaunty": 2, "Chandler": 14, "Goddesses": 27, "kinda cool": 9, "Richard": 27, "Joey": 150, "Al Minser": 29, "safari": 7, "Ross": 63, "Eddie": 13, "Look Eddie": 23, "Gunther": 9, "Bryce": 9, "Aaahhhh": 2, "Jack": 40, "Paul": 1, "Danny Arshak": 18, "Rach": 18, "Jason Hurley": 19, "Monica": 19, "Judas": 15, "I'll": 12, "Ding dong": 5, "21": 25}, "e20": {"Monica": 45, "Old Yeller": 19, "Phoebs": 11, "Yeller": 100, "Yu-huh": 14, "Phoebe": 16, "Travis": 90, "Richard": 224, "wearing?": 27, "Ross": 126, "Eric Prower": 35, "Dan": 35, "Spike Lee": 35, "Eric": 3, "Brian": 9, "Chandler": 107, "Joey": 46, "Ben": 233, "Ranger": 7, "Aunt Sylvia": 10, "Da-da": 29, "da-da": 29, "Lou Gehrig's": 32, "Lou Gehrig": 12, "Emily": 27, "Barry": 62, "George Bailey": 33, "Donna Reid": 33, "Kick": 4, "Florence Henderson": 13, "Ok Ross": 17, "Mommy": 8, "Bye Ben": 2, "Bert": 211}, "e21": {"Monica": 37, "MacDonald": 12, "Chandler": 30, "Ohhh Oh": 10, "Rach": 8, "Joey": 128, "Gunther": 40, "Yeah Phoebe": 5, "Eric Estrada": 20, "Phoebe": 41, "Phoebs": 8, "Buffay": 32, "Custer": 7, "Ross": 10, "Frank": 20, "Pete": 62, "Mark": 5, "ho-ho": 7, "Dana": 12, "Clean": 22}, "e22": {"Rachel": 139, "Joey": 158, "Bishop Tutu": 67, "Stacy Roth": 7, "Greene": 78, "Chandler": 89, "Monica": 70, "Sandra": 18, "Jack": 8, "Ross": 42, "Dennis": 27, "Gunther": 56, "Shh": 21, "Neil Sedaka": 4, "Victor": 5, "Bridges": 9, "Jill": 108, "Ok Rachel": 7}, "e23": {"Chandler": 16, "Ryan": 88, "Ben": 11, "Jim Crochee's": 31, "Leroy Brown": 31, "Monica": 39, "Leroy": 26, "Joey": 53, "Scott Alexander": 12, "Joey Tribbianni": 12, "Jimmy Hauser": 39, "Jeannie": 28, "Joseph": 267, "Ashley": 31, "Brittany": 62, "Karen": 35, "Phoebe": 16, "Milton": 24, "Karen'll": 24, "Douglas": 49, "Yeah Bing": 5, "Chandy": 43, "Bye Ryan": 2}, "e24": {"Joey": 36, "Warren Beatty": 26, "Beatty": 72, "bad kisser'": 34, "Mother Theresa": 34, "Mindy": 6, "Barry": 193, "Maid": 32, "Richard": 18, "Rachel": 149, "Bubble Yum": 21, "Benny": 20, "Awww": 20, "Chandler": 78, "Rach": 23, "Monica": 41, "Ross": 81, "Wineburg": 14, "Barry Hunter": 7, "Farber": 7, "Angela": 24, "Joey Tribiani": 24, "Phoebe": 19, "Best Man": 27, "Rachel...": 56, "Cheers": 70, "Barr": 98, "Lola": 98, "Tony": 25}}, "s03": {"e01": {"Van Morrison": 9, "Nooo Way": 12, "Elton John": 17, "Tony Dan-za": 6, "Monica": 37, "Richard": 103, "Rachel": 57, "Joey": 95, "Bye Joey": 7, "Chandler": 105, "Ross": 146, "Plan B.": 8, "Jabba the Hut": 20, "Jabba": 62, "Szechwan Dragon": 15, "Ross Skywalker": 17, "Girth": 12, "Elle MacPherson": 32, "Dad": 7, "Barbara": 8, "Uncle Sam's": 60}, "e02": {"tux": 3, "Relax Ross": 14, "Ross": 87, "Joey": 86, "Rach": 11, "Monica": 297, "Richard": 119, "Carol": 23, "Chandler": 66, "Hummus": 5, "Michelle": 268, "A. A. Milne": 33, "Wha": 45, "Caller": 34, "Donald Duck": 31, "Tick": 8, "Yaaaay": 1, "Nooo": 26, "Geller": 6, "Sherman Whitfield": 6}, "e03": {"Joe": 55, "Chandler": 24, "Monica": 6, "Richard": 38, "Joey": 84, "J. Crew": 26, "Phoebe": 45, "Monica Geller": 8, "Nooo": 32, "Rachel": 3, "kinda cool": 34, "Geena Davis": 22, "Ben": 30, "Hellooo": 1, "Ross": 17, "Hoyt": 30, "Chan": 14}, "e04": {"Mike": 13, "Kevin": 7, "Chandler": 122, "Estelle": 192, "Ann": 28, "Phoebe": 28, "Annie": 144, "Joey Tribbiani": 52, "Joey": 52, "I.": 15, "Ben": 54, "Ross": 15, "Joe": 73, "Phoebe Buffay": 21, "Chandler Bing": 22, "Drop": 24, "G. I. Joe": 19, "Helloo": 2, "Look Pheebs": 26, "G. I. Joe's": 19, "Mom": 12, "Bea": 15}, "e05": {"max": 17, "Sergio Valente's": 10, "kinda": 69, "Frank": 83, "Grandma": 43, "Gunther": 16, "David Copperfield": 8, "Chandler": 51, "Kim Basinger": 13, "Cindy Crawford": 13, "Halle Berry": 13, "Yasmine Bleeth": 13, "Jessica Rabbit": 13, "Monica": 38, "Rach": 18, "Chris O'Donnel": 19, "John F. Kennedy": 19, "Sting": 19, "Parker Stevenson": 19, "Spiderman": 1, "Hardy Boy": 2, "Peter Parker": 2, "Ross": 92, "Joey": 5, "Rachel": 12, "Larry": 35, "ya headin'": 8, "Elizabeth": 3, "Susan Sarandon": 2, "Isabella Rosselini": 31, "Ooh-hoo": 17, "y'know": 30, "Uma Thurman": 16, "Winona Ryder": 16, "Elizabeth Hurely": 16, "Michelle Pfieffer": 16, "Dorothy Hammel": 16, "Y'know": 9, "Ewww": 1, "Jasmine": 17, "Whiffler": 17, "Joe": 4, "easy hazel nut": 34, "Isabella": 24, "Wynona Rider": 33, "Lincoln": 19}, "e06": {"Monica": 62, "Rachel": 12, "Phoebe": 20, "Grandmother": 79, "Chandler Bing Bing": 51, "Chandler Bing": 83, "Ross": 48, "Carol": 51, "Susan": 81, "Eric": 19, "Jerry": 7, "Chris": 21, "Diet Coke": 33, "Barry Farber": 23, "Barry": 57, "Awww": 7, "Heckles": 12, "Chandler": 19, "Nicole Eggert": 5, "Ross y'know": 39, "Ross-Joey": 2, "Joey-Ross": 2}, "e07": {"Carl": 30, "Alan Alda": 18, "Rachel": 32, "Joanne": 4, "Ewww": 6, "Ross": 147, "Gunther": 2, "Monica": 133, "Chandler": 68, "Ohhhhh": 18, "Phoebe": 18, "Tribbiani": 98, "Drake Remoray": 98, "Nick": 62, "Dom da-da": 15, "Geller": 24, "Monica Velula Geller": 34, "Kay": 5, "Green": 23, "Levines": 20, "Big Shot": 146, "Trib": 3, "Awww": 11, "Monica kinda": 40, "Joey": 28, "Bobby": 18, "Bobby Bobby": 3, "Robert Bobby": 3, "Susan Luchhi": 121, "Jester": 10, "Varrrrrrrrroom": 18}, "e08": {"Mary": 24, "John": 24, "Albino Bob'": 24, "Gunther": 10, "Umm": 10, "Chandler": 90, "Joey": 39, "Ewww": 15, "Ugly Naked Guy": 15, "Homo Sapien": 23, "Sapien": 21, "Ben": 331, "Monica": 48, "Ross": 68, "Homo Sapiens": 5, "Look Benny": 14, "Rachel": 24, "Push": 10, "Hubba-Bubba": 18, "Monica bang": 80, "Monica bang'": 6, "Ben bang": 49, "Gary": 72, "Lionel Richie's": 66, "Chandler Bing": 3, "Thread": 29}, "e09": {"Awww": 5, "Rachel": 89, "Chandler": 204, "Ross": 85, "Monica": 41, "Joey": 89, "Son": 7, "Haaaaa": 7, "Mar-klan": 1, "Mar-haaaan": 1, "Broken": 9, "Rach": 19, "Joe": 13, "Pennsylvania Dutch": 9, "Peter Pan": 18, "Heidi": 19, "Captain Hook": 11, "Ready": 30, "Cook": 30, "Hurry": 12}, "e10": {"Terry": 44, "Chandler": 53, "Phoebe": 37, "Gunther": 153, "Grandma": 22, "Sarah": 36, "Brown Bird": 8, "Baby Jesus": 16, "Jesus": 11, "Dad": 37, "Rudolph": 46, "Ross": 55, "Monica": 5, "Floyd": 61, "Joey": 47, "Rachel": 10, "Fortunata Fashions": 10, "Douglas Fir": 22, "Elizabeth": 5, "Sister Brown Bird": 7, "Ross Geller": 20, "Brown Bird Ross": 7, "Rach": 14, "God": 5, "Kaplan Sr.": 32, "Sarah Tuttle's": 29, "Geller": 9}, "e11": {"Joey": 202, "Donna": 31, "Chandler": 89, "Sush": 9, "Kaplan": 16, "Rach": 40, "James Beans": 21, "Howdy": 21, "Mira": 34, "Gunther": 16, "Jell": 14, "Monica": 59, "Mark": 191, "Mark Something": 23, "Ross": 18, "Rachel": 57, "kinda": 15, "ya feelin'": 3, "Gina": 9, "Veronica": 21, "Mary-Angela": 266, "Grandma": 60, "Mussolini": 45, "Rachel Green": 32, "Ross y'know": 42, "Mary-Theresa": 3, "Joanna": 17, "Phoebe": 7}, "e12": {"Albert": 48, "Rach": 34, "Mark": 196, "Dickens": 6, "Rachel Green's": 11, "Rachel": 69, "Ross": 86, "Joanna": 25, "Night Julio": 4, "Joey": 141, "Twila Tharp": 15, "Julio": 22, "Crystal Chandelier": 9, "Monica": 45, "Ralph Lauren": 8, "Rachel Green": 7, "Joe Sensitive": 42, "Inappropriate": 39, "Joey Tribbiani": 31, "Phoebe": 5, "Carol": 47, "Bye Chandler": 6, "kinda": 18, "Ben": 51, "Pretensous": 20}, "e13": {"Richard": 11, "Citizen Kane": 17, "Vertigo": 17, "Clockwork Orgy": 17, "Monica": 5, "Calvin Klien": 43, "Rach": 55, "Chandler": 6, "Ross": 14, "Robert": 81, "Amy": 42, "Jo": 86, "Josephine": 8, "Laurie": 56, "Rachel": 10, "Joey": 45, "Danny": 7, "Jack": 34, "Beth": 35, "Jack Nicholson": 17, "racquetball": 7}, "e14": {"Leslie": 54, "Vlad": 23, "Phoebe": 8, "Gunther": 21, "Ginger": 119, "Chandler": 41, "Joey": 52, "Joey Tribbiani": 3, "Ross": 24, "Gingeer": 17, "Mark": 138, "kitty litter": 30, "jingle head": 28, "Magician Box Mix Up": 18, "Pitstains": 39, "Pittain": 23, "kinda": 9, "Ahh": 13, "Wanna": 29, "Jingle": 26}, "e15": {"Kay": 4, "Sergei": 177, "Rach": 20, "Ross": 216, "Call Rachel": 16, "kinda": 17, "Larry": 17, "Chloe": 30, "Ross honey": 12, "Mark Robbinson": 24, "Mark": 49, "Rachel": 20, "Boutros Boutros Gali": 36, "Monica": 14, "Mischa": 22, "Lenny": 7, "Miss Americccan": 6}, "e16": {"Mark": 150, "Ross": 207, "Monica": 6, "Ohhh": 6, "Waxine": 22, "Rachel": 245, "Chloe": 34, "Jasmine": 69, "Phoebe": 65, "Ross Geller": 10, "Gunther": 73, "Chandler": 22, "Joey": 81, "Rehack": 23, "Rach": 130, "Look Rachel": 59}, "e17": {"Ross": 286, "Rachel": 237, "Chandler": 144, "Calvin Klein": 32, "Rach": 31, "Jesus": 4, "Grandmother": 12, "Monica": 47, "Phoebe": 8, "Susan": 84, "Ben": 26, "Joey": 40, "Smokey Joe": 13, "Listen Ross": 21, "Mark": 38, "Y'know Ross": 11, "Shelly Winters": 9}, "e18": {"Ross": 9, "Frank": 179, "Joe": 3, "Knight": 38, "Alice": 204, "Richard": 39, "Julio": 39, "Pete": 57, "Ho-ho": 3, "Nah": 57, "Monica": 20, "Walker": 18, "Pete Becker": 6, "Bill Clinton": 3, "Bill huggin'": 11, "Rachel": 25, "Monica Geller": 7, "kinda": 72, "Joey": 26}, "e19": {"Ross": 250, "Doritos": 5, "Millionaire": 18, "Joey": 10, "Gloria Estefan": 16, "Joe": 9, "Victor": 20, "Joey Tribianni": 11, "Kate Miller": 7, "Jennifer Van Murray's": 24, "Drake Remoray": 14, "Teen Beat": 14, "Mark": 36, "Rachel": 12, "Pete Dakota": 4, "Pete-Chicago": 6, "Pete": 76, "Vic": 20, "Monica": 22, "John Bon Jovi": 24, "Peter Becker": 11, "Sliced Bread": 7, "Lady MacBeth": 7, "Chandler": 12, "Kate": 3, "Spiderman": 9, "Goldman": 9, "Silverman": 9, "Phil Spiderman": 25, "Rach": 5, "Gold Man": 10}, "e20": {"Monica": 19, "Dad": 12, "Silvia": 22, "Grandmother": 11, "Rach": 26, "Chandler": 74, "Joanna": 64, "Chandler Bing Joanna": 8, "Rachel": 123, "Ohhh": 16, "Wallpaper": 16, "Checkin": 16, "Chan": 16, "Ahh-ahh": 11, "Roof": 11, "Rrroof": 11, "Kate": 17, "Lauren": 10, "Joey Tribbiani": 4, "Drake Remoray": 19, "Victor": 23, "Awkward": 6, "kinda": 22, "Marshall": 22, "Joey": 42, "Foster": 4, "Beth": 76, "Jennifer": 152, "Loreo": 76}, "e21": {"Ross": 137, "Kate": 41, "Easter": 54, "Pete": 113, "Chandler": 51, "Awww": 23, "Easy Monica's": 56, "Stu Vincent": 27, "Sanders": 19, "Nooo": 4, "Easy Lenny": 2, "Ann": 45, "Monica": 47, "Rachel Green": 26, "Rachel": 26, "Joey": 23, "Rach": 12, "Phoebe": 16, "Yasmine Bleeth": 23, "Yasmine": 21, "Ohhh-hoo": 3}, "e22": {"Rachel": 85, "Ye-e-es": 1, "Pete": 13, "Ross": 49, "Rach": 20, "Kate": 112, "Joey": 109, "Monica": 4, "Tommy": 40, "D-13": 49, "Lauren": 26, "Estelle": 8, "Joey Tribianni": 29, "Tribianni": 29, "Kate Miller's": 40, "Marshal Talmant": 40, "Nah": 5, "Sweet": 31, "Funny": 26, "idiot hairdo": 31, "Vic": 41, "Sorry": 12, "Fuzzy-Man": 56, "Idiot": 56, "Stupid": 56, "Dumb Donald Doo-Doo": 56, "Chic-A-Dee": 21, "Victor": 5}, "e23": {"Chuck": 18, "Dick": 9, "Look Ross": 15, "Vince": 166, "Joey": 59, "Kindergarten": 14, "Jason": 145, "Ross": 68, "Awww": 24, "Pete": 195, "Ahh-ahh": 7, "W-w-w-wait": 2, "Johnson": 13, "Hamilton": 3, "Chandler": 10, "Monica": 89, "Rachel": 9, "kinda": 32, "Donna Carin": 28, "Vince Plus": 33, "Phoebe": 15, "Nah-ha": 1, "Guru Saj": 25, "Gee Koon Doe": 27}, "e24": {"Pete": 88, "Thomas": 21, "Tim": 4, "Monica": 34, "Monica Becker": 21, "Wynona Ryder": 14, "Chandler": 25, "Joey": 5, "Rach": 8, "Ross": 143, "Bonnie": 85, "Hoshi": 74, "Dartmouth": 13, "Dartmouth Bing": 13, "Pete Beck-errrr": 26, "Tank Abbottttttt": 15, "Doug": 7, "Phoebe": 21, "Ufff": 15, "Superman": 44, "Adam": 24, "Mon-Monica": 1, "Phil": 40, "Stevens": 40, "Joel-burg": 40, "Pete Becker": 21, "Bruiser": 35, "Richard": 24}, "e25": {"Ruth": 31, "Joey": 44, "Frank": 29, "Phoebe": 24, "Montauk": 10, "Bonnie": 79, "Chandler": 19, "Ross": 58, "Bob": 9, "Phoebe Abott": 13, "Erwin": 3, "Lily": 54, "Monica": 37, "Take Pinky Tuscadero": 54, "Joey Tribianni": 54, "Arnold": 23, "Shhhh": 4, "Rachel": 101, "Awww": 9, "I'll-I'll": 12, "Rach": 8, "Wanna": 6, "Frank Buffay": 68, "Chuck Magioni": 44, "Okey-dokey": 1, "Gooood": 66, "Dorf": 17}}, "s04": {"e01": {"Awww": 1, "Bonnie": 36, "Lily, Frank": 29, "Cindy": 31, "Monica": 46, "Front": 12, "Ross": 94, "Rach": 23, "Joe": 3, "Ooh": 28, "Rachel": 28, "Mom": 11, "Montauk": 17, "Phoebe": 7, "Joey": 40, "stung": 22, "Stung": 15, "Chandler": 49, "fuchsia": 33}, "e02": {"Ya": 17, "Monica": 81, "Chip Matthews": 108, "Rachel": 13, "Kay": 40, "Rachel Green": 24, "Monica Geller": 24, "Kitty": 18, "Montauk": 12, "Skeptismo": 52, "Mommy": 52, "Phoebe": 69, "Amy Welch": 39, "Joey": 31, "Ross": 16, "Julio": 50, "Joe": 9, "Rach": 5, "Simmons": 42, "Kelly": 32, "Goldie": 32, "Steve Brown": 32, "kinda": 17, "Richard Dorfman": 17, "Awww": 9, "Buffay": 42, "futon": 7}, "e03": {"Treeger": 22, "Chandler": 168, "Rach": 14, "Joanna": 76, "Rachel": 2, "Grandmother": 12, "Richard": 44, "Algonquin": 7, "Frozen lasagnas": 2, "Monica": 217, "Weinburg": 9, "Ding": 1, "Mark": 23, "Joey": 38, "Milton Berle": 19, "Vesuvius": 17, "Vasdeferens": 20}, "e04": {"Treeger": 61, "Joey": 48, "Maria": 70, "Rachel": 50, "Monica": 60, "Potter": 23, "Chandler": 202, "Dave": 15, "Rick": 184, "Marge": 25, "Ross": 11, "Lambert": 13, "Karen": 3, "Simon": 8, "Chick": 5, "Tribbiani": 23, "Foxtrot": 10, "Tango": 10}, "e05": {"Ross": 123, "Chucky Cheese": 19, "Chandler": 137, "Kathy": 136, "Hey Gunther": 62, "Joey": 43, "Kath": 11, "Kathy!": 121, "Josh": 46, "Monica": 2, "Eww": 31, "Ben": 2, "Phoebe": 25, "Beer": 12, "Rach": 9, "Miss": 8, "Gunther": 3}, "e06": {"Ross": 53, "Kay": 1, "Kathy": 91, "Joey": 146, "Monica": 54, "Joe": 18, "Burkart": 12, "Jack": 6, "Tony": 23, "Max": 6, "Angela Delveccio": 16, "Cheryl": 14, "Phoebe": 16, "Wuss": 9, "Rachel": 14, "Chandler": 18, "Ha-ho-ho": 12, "Wanna": 6, "Uhl": 28, "Monica Geller": 12}, "e07": {"Kathy": 192, "Casey": 100, "Tarzan": 27, "Joey": 106, "Kay": 1, "Chandler": 25, "Ross": 19, "Monica": 24, "Samboucha Margarita": 3, "Joe": 14}, "e08": {"Joey": 169, "Monica": 126, "Rachel": 65, "Ross Geller": 12, "Ross": 29, "Richard": 60, "Monica Geller's": 31, "Richard Burke": 47, "Phoebe": 16, "Chandler": 181, "Gunther": 9, "Joe": 2, "Wendy": 8, "Burke": 42, "Timothy Burke": 16, "livin": 36, "Tim": 44, "Merry": 15}, "e09": {"Okayyyyy": 3, "Cilantro Larry": 4, "Monica": 186, "Ross": 14, "Kathy": 17, "Mike \"Gandolf\" Ganderson": 11, "Joey": 13, "Joanna": 95, "Green": 21, "Rachel": 48, "Rach": 9, "Said": 3, "Ohh": 15, "Kenny G": 18, "Yay": 36, "Lynch": 41, "Emillio": 86, "Tony": 86, "Carlos": 86, "Marie": 86}, "e10": {"Joey": 141, "Kathy": 24, "Ross": 109, "Orson Wells": 65, "Drew": 32, "Rachel": 168, "Chandler": 145, "Ranger": 13, "Basel Hadens": 16, "Monica": 27, "Bagel": 17, "Jail": 17, "Patrick": 66, "Ooh": 11, "Phoebe": 9, "Magma Ku Laude": 7, "Y'know": 37, "Moncia": 64}, "e11": {"Donald Trump": 11, "Joe": 7, "Ross": 429, "Tyrannosaurus Rex": 30, "Joey": 146, "Frank Jr.": 8, "Alice": 54, "Ewww": 28, "Chandler": 11, "Kathy": 6, "Ross Geller": 48, "Phoebe": 41, "Geller": 18, "Peter": 152, "Rhonda": 84, "Carl Mulden": 7, "Somebody": 45, "Rach": 22, "Phillips": 31, "Ted": 16, "Teddy": 6, "Andrew": 9, "Scott": 5, "Frank": 46}, "e12": {"She's": 7, "Frank": 150, "Alice": 150, "Chandler": 79, "Rachel": 55, "Tic Tacks": 12, "Ross": 56, "Ancient History": 46, "Monica": 104, "Michael Flatley": 6, "Althea": 13, "Joey": 46, "Chandler Bing": 6, "Chinandolor Bong": 14, "Phoebe Buffay": 92, "Umm": 92, "Viva Las Gaygas": 3, "wanna bet": 3, "Dangerous Liaisons": 2, "Chandler Bing's": 6, "Chinadolor Bong": 11, "Y'know": 32, "Rach": 11, "Adidas": 19, "GONNA": 6}, "e13": {"Rach": 24, "Kathy": 35, "Chester": 52, "Chandler": 132, "Susan Sarandon": 41, "Tim Robbins": 41, "Alec Baldwin": 6, "Kim Basinger": 6, "Tom Cruise": 5, "Nicole Kidman": 5, "Mel Gibson": 6, "Clint Eastwood": 6, "Monica": 75, "Waltham": 73, "Joshua": 260, "Rachel Green": 120, "Joey": 31, "Nick": 158, "Josh": 91, "Jason": 8, "Beefsteak Julie's": 18, "Charlie": 2, "Nah": 4, "Hmm-mmm": 1, "Ross": 21, "Rachel": 98, "Joshua Bergen": 14}, "e14": {"Geller": 26, "Joey": 162, "Charlton Heston": 103, "Kathy": 161, "Chandler": 178, "Phase Two": 33, "Die Fledermaus": 50, "Fledermaus": 5, "Monica": 2, "Joshua": 255, "Waltham": 34, "Ross": 98, "Rachel Green": 32, "John F. Kennedy Airport": 51, "a Rachel Greep": 29, "Rachel Greep": 87, "Barry": 11, "Joey Tribbiani": 29, "Ones": 12, "Kurt Douglas": 14, "Lawrence Oliver": 26, "Bob Redford": 26, "Josh": 27, "Phase Three": 27, "Candy": 6, "Michelle": 27, "Rach": 24, "Rachel": 43}, "e15": {"Chandler": 83, "Joey": 31, "Ross": 204, "Liam": 94, "Devon": 26, "Chandler Bing": 18, "Joe Rugby": 19, "Ross-Ross-Ross-Ross": 17, "Joshua": 14, "Dead Ross": 12, "David": 27, "Chatracus": 11}, "e16": {"Phoebe": 17, "Joshua": 139, "Ross": 95, "Josh": 47, "Monica": 42, "Bottle": 56, "Gunther": 208, "Joey": 10, "Rachel": 14, "Ta-dum": 14, "Wanna": 41, "Rach": 12}, "e17": {"Joey": 82, "Home Ec": 36, "Frank": 177, "Good Will Humping": 7, "Joshua": 11, "Alice": 24, "Ross": 213, "Colin": 83, "Rachel": 9, "Paulo": 9, "Relaxi Cab": 39, "Newman": 63}, "e18": {"Leslie": 26, "Frank": 37, "Frank JR": 26, "JR": 26, "Cougar": 7, "Ross": 20, "Emily": 40, "Susan": 321, "Joey": 333, "Chandler": 313, "Joshua": 32, "Diet Coke": 45, "Carol": 135, "Stretching": 25, "Bruce Banner": 22, "Raymond Chandler": 2, "Joey Buttafucco": 11, "Cooking": 9, "Ben": 6, "Wanna": 14, "Rachel": 4, "Clint": 17, "Gene": 8, "Mark": 48, "John": 12, "Nah": 16, "Barney": 16, "Mark Johnson": 45, "John Markson": 45, "Alice": 11}, "e19": {"Sunshine": 29, "Monica": 45, "David Bowe": 10, "Ross": 31, "Santa Claus's": 5, "Joey": 42, "Gunther": 10, "Wham": 7, "Joshua": 9, "Ooh": 13, "Phoebe": 20, "Jack": 8, "Ace": 16, "Joe": 32, "Rachel": 17}, "e20": {"Joey": 217, "Gunther": 20, "Chandler": 22, "Rach": 16, "Wah": 3, "Joshua": 117, "Emily": 57, "Waltham": 17, "Ohhh": 17, "Ross": 103, "Rachel": 44, "Wanna": 12, "Joey Tribbiani": 2, "Joe": 19}, "e21": {"Ross": 399, "Uncle Nathan": 14, "Ben": 25, "Rachel": 108, "Earl Grey": 2, "Monica": 98, "Chandler": 25, "Joey": 25, "Julie": 60, "Mark": 4, "Ohhh": 6, "Heyyy": 1, "Julie!": 14, "Rach": 13, "Ohhhhhhhh": 2, "Gunther": 63, "Jack": 19, "Cotter": 4}, "e22": {"Chandler": 123, "Joey": 154, "Ross": 155, "Tribbiani": 7, "Phoebe": 42, "Yay": 19, "Gunther": 53, "Zima": 7, "Ben": 37, "Tequila": 22, "Rachel": 5, "Look Ross": 7, "Gonzalez": 47, "Wong": 47, "Gunther Central-Perk": 11, "Marry": 2, "Cool Aunt Phoebe": 7, "Joe": 3}, "e23": {"Monica": 120, "Traveller": 7, "Rachel": 66, "Chandler": 33, "Ross": 681, "You'll-you'll": 10, "Phewbedo": 10, "Westminster Abbey": 36, "Chicken Kiev": 47, "Chicken Tarragon": 45, "Abbey": 21, "Westminster Crabby": 5, "Joey Tribbiani": 6, "Dude": 24, "Joey": 57, "Aunt Rachel": 22, "Rach": 23}, "e24": {"Phoebe Buffay": 35, "Emily Waltham": 25, "Waltham": 42, "Judy": 3, "Jack": 27, "Misses Geller": 17, "Steven": 32, "Andrea Waltham": 17, "Phoebe": 53, "Joey": 77, "Dad": 3, "Ross": 1015, "Monica": 113, "Joey Tribbiani": 64, "Chandler": 167, "Whoo-hoo": 5, "Ahh Pheebs": 10, "Rachel": 214, "Joshua": 32, "Rachel...": 5, "Emily": 33, "Philange": 11, "Joan": 30, "Kay": 1, "My Giant": 34, "Rach": 2, "Miss": 48}}, "s05": {"e01": {"Ross": 489, "Rachel...": 5, "Rachel": 121, "Emily": 33, "Joey": 35, "Philange": 11, "Monica": 38, "Jack": 10, "Phoebe": 17, "Kay": 1, "My Giant": 34, "Chandler": 35, "Rach": 2}, "e02": {"Joey": 56, "Joe": 2, "Angus": 4, "Bodington": 6, "Ross": 375, "Rachel": 302, "Rach": 60, "Emily": 49, "Geller": 73, "Monica": 74, "Gunther": 36, "Dave": 118, "Ho-ho-hold": 44, "Kissey": 44, "Ooh-ahh": 13, "Phoebe": 38}, "e03": {"Phoebe Buffay": 15, "Frank": 141, "Alice": 227, "Joey": 59, "Phoebe": 56, "Harad": 56, "Monica": 70, "Ross": 119, "Jell": 38, "Grandma": 15, "Rachel": 7, "Arthur Fonzerelli": 11, "Fonz": 22, "Oberman": 19, "Shh! Doogie": 19, "Tribbiani": 50, "Sorry Frank": 16, "Dan": 81, "Kinda": 11, "Chandler": 101, "Nah": 13, "Bye Dan": 2, "Fonzie": 20, "Frank Jr. Jr.": 3, "Leslie": 23}, "e04": {"Monica": 46, "Ray Liotta": 16, "Joey": 222, "Ross": 114, "Vomit": 11, "Joe": 11, "Chandler": 14, "Emily": 28, "Susan": 19, "Ben": 37, "Gary Collins": 11, "Drake Remoray": 11, "Richard": 20, "Rachel": 155, "Ooh-ohh": 1, "William Sonoma": 6, "stung ya": 10, "Cirque Du Soleil": 60, "Will Chandler": 20, "Joseph Tribbiani": 40}, "e05": {"Monica": 104, "Joey": 79, "Chandler": 69, "Rachel": 140, "Rach": 55, "Ross": 195, "Geez": 16, "Damn Rollos": 2, "Donald Trump": 24, "Kip": 39, "Phoebe": 118, "Bing": 19, "Bye Ross": 5, "Ohhh": 10}, "e06": {"Ooh": 6, "Ross": 289, "Joey": 20, "Rachel": 72, "Monica": 17, "I'll-I'll": 6, "Enh": 9, "Minnelli": 6, "Danny": 24, "Dan": 20, "Chris": 14, "Phoebe": 42, "Ben-Ben": 15, "Phil Huntley": 84, "Sack": 11, "Wanna": 13, "Rach": 12, "Ugly Naked Guy's": 7, "Gunther": 11}, "e07": {"gonad": 5, "Monica": 18, "Larry": 150, "Larry honey": 28, "Ross": 216, "Moca Java": 6, "Thirsty": 5, "Se": 15, "Chandler": 29, "Danny": 33, "Joey": 7, "Ahhhhhhhhhh": 1, "Wanna": 6, "Johnos": 19, "Mama Lisettie's": 4, "Rachel": 2, "Glad": 10, "Tom": 14, "Tommy": 28, "Phoebe": 20, "We're": 9}, "e08": {"Monica": 192, "Joey": 61, "Chandler": 171, "Ross": 67, "Butternut": 27, "Rachel": 70, "Chip": 17, "Rach": 19, "Nancy Branson": 71, "Judy": 24, "Jack": 17, "Clifford Alverez": 23, "Roland Chang": 15, "George Michael": 9, "Wilson": 12, "Wanna": 12, "Blah": 59, "Ooh": 76, "Limps-A-Lot": 18, "Gauze": 48}, "e09": {"Joey": 163, "Chandler": 20, "Ahh": 21, "Rachel": 98, "Lamaze": 31, "Ross": 38, "Ross Geller's": 54, "Phoebe": 44, "Annie": 19, "Cathy": 37, "Rachel Green": 16, "Mental Geller": 38, "Tribbiani": 42, "Donald": 4, "Jane": 10, "Jane Eyre": 75, "Monica": 106, "Kinda": 12, "Joe": 13, "Paul": 17}, "e10": {"Top Shelf": 14, "Ohh": 39, "Chandler Bing": 17, "Bing": 5, "Macys": 37, "Danny": 115, "Rachel": 43, "Monica": 11, "Feliz Navidad": 15, "Merry": 15, "Phoebe": 26, "blondie": 3, "Ross": 88, "Joey": 128, "Joseph": 2, "Chandler": 31, "Ahh": 14, "Krista": 30, "Nice Bucket": 15, "Joe": 14, "Fireball": 43, "Churo": 11, "Rach": 12, "Bob": 40, "Ginger": 7, "Hurry": 8, "Need Stitches Ball": 24, "Ranger": 11, "Kelly": 6, "Tiffany": 10}, "e11": {"Joey": 52, "Ross": 253, "Chandler": 110, "Awww": 11, "Rachel": 70, "Rach": 75, "Claire": 39, "Ted Kopel": 51, "Elizabeth Hornswoggle": 7, "Turkey Leg": 43, "Pick": 16, "Ben": 100, "Monica": 14, "Kay": 1, "Dragon": 12, "Iceberg": 12, "Joseph": 12, "Andy Cooper": 36, "Big": 8, "Elizabeth": 5, "Look Ross": 15, "Howdy": 2, "Ooh": 37, "Joe": 22, "Tom Jones": 62}, "e12": {"Rach": 87, "Monica": 162, "Chandler": 172, "Ross": 96, "Gunther": 39, "Wanna": 32, "Wo-ho-ho": 16, "Doug": 175, "Kara": 78, "Bing": 16, "Howe": 5, "Joey": 129, "Rachel": 94, "Tom Hanks": 18, "Meg Ryan": 18, "Joe": 3, "Martina": 13, "Damnit Phoebe": 2, "James Farrell": 50, "Big": 62, "Bigot": 8, "Wonton": 11, "Clinton": 15, "Bill": 15}, "e13": {"Monica": 38, "Ahh": 3, "Chandler": 35, "Joey": 169, "Rach": 30, "Grandma": 47, "Umm": 9, "Tribbiani": 9, "Penella": 29, "Pong": 29, "Francis": 81, "Frank Buffay": 34, "Joe": 28, "Hill": 14, "Shh": 4, "Joe Hill": 4, "Glenda": 16, "Okayyyy": 3, "Rachel": 4, "A. Happily": 25, "B. Medium": 25, "A. Top": 26, "Estelle": 6}, "e14": {"Ugly Naked Guy": 27, "Monica": 112, "Chandler": 123, "Joey": 171, "Ross": 58, "Linda": 29, "Rachel": 34, "Rach": 14, "Phoebe": 66, "Bicep": 13, "Grandfather": 14, "Grandmother": 14, "Bye Chandler": 6, "Ben": 22, "Ross Geller": 58, "Naked Ross": 17, "Nervous": 5}, "e15": {"Chandler": 293, "Ross": 724, "Monica": 162, "Awww": 10, "Katie": 119, "Ben": 17, "Joey": 116, "Steve Sarah": 14, "Ross Geller": 10, "Phoebe": 35, "Howard": 527, "Steve": 80, "Richard": 38, "Rachel tonight": 43, "Hmm": 43, "Gunther": 8, "Howard!": 22, "Y'know": 21, "Ohhhh": 6, "Rach": 21}, "e16": {"Joey": 99, "Monica": 137, "Ross": 65, "Rach": 58, "Freeze": 5, "Joe": 5, "Martin Luther King": 20, "Chandler": 128, "Sipowicz": 51, "kinda bald": 5, "Silver Spoons": 29, "Phoebe": 46, "Shut": 12, "Phoebe Buffay": 5, "Gary": 2}, "e17": {"Ralph Lauren": 37, "Chandler": 110, "Ross": 187, "Monica": 143, "Flirt": 9, "Ewwuck": 15, "Joey": 52, "Kay": 2, "Rach": 16, "Ohhhhhhhhh": 2, "Gary": 103, "Phoebe": 57, "Noooo": 3, "Zelner": 24, "Officer Bing": 16, "Pamela": 13, "Yasmine": 13}, "e18": {"Ben": 552, "Rach": 44, "Ralph Lauren": 19, "Rachel": 27, "Ross": 87, "Sugar Smacks, Playstation": 43, "Chandler": 104, "Joey": 84, "Nancy": 32, "Kim": 80, "Smokey Smokerson": 55, "Ralph": 16, "marijuana cigarettes": 39, "Raymond, Ben,": 21, "Kyle": 51, "Raymond": 30, "Monica": 60, "Look Ross": 22, "Mitch": 9, "Hmm": 80, "Drake Remoray": 39, "Raymond, Joey": 5, "Yuck": 7, "Rachel Green": 17}, "e19": {"Monica": 66, "Ja George": 14, "Chandler": 102, "Caitlin": 88, "Joey": 119, "Pizza Delivery Girl": 10, "Ross": 145, "Rach": 32, "Rachel Karen Green": 7, "Nooooo": 14, "Rachel": 33, "Sam Waterston": 12, "Capricorn One": 8, "Phoebe": 37, "Meth-methane": 2, "Tom": 7}, "e20": {"Ross": 723, "Monica": 56, "Gary": 83, "La Poo": 11, "Nah": 11, "Joe": 24, "Pick": 5, "Cop": 6, "Joey": 86, "John Glenn": 4, "Look Chandler": 11, "Chandler": 15, "Gee-e-e-eez": 5, "Rach": 59, "Emily": 18, "Ross-Ross": 34}, "e21": {"Gary": 55, "Ross": 26, "Monica": 59, "Shawn Cassidy": 4, "Joey": 31, "Whiskerson": 48, "Rachel": 9, "Chandler": 14, "Phoebe": 59, "Listen Chandler": 31, "Rach": 10, "Yay": 8, "Sweethart": 28, "Suck": 15, "Team Monica": 17, "Nah": 6}, "e22": {"Richard": 68, "Ross": 75, "Rach": 32, "Me": 10, "Myself": 10, "Monica": 140, "Chandler": 137, "Ben": 11, "Estelle": 19, "Shutter Speed": 81, "Betsy": 128, "Blinky": 20, "Joey": 178, "Rachel": 39, "Beard": 10, "Miller": 26, "Phoe-Phoebe": 11, "Phoebe": 48, "Joe": 12, "Umm": 17, "George Washington": 12, "Simon": 8, "Garfunkle": 8, "Cameron Diaz": 43, "Joey Tribbiani": 6, "Enjoy": 20}, "e23": {"Joey": 125, "Chandler": 186, "Monica": 52, "Phoebe": 20, "Richard": 207, "Richard Simmons": 5, "Simmons": 9, "Awww": 8, "Rach": 11, "Denis Franz's": 63, "Geller": 64, "Ross": 81, "Cleopatra": 30, "Vegas": 3, "Comin": 15, "Joe": 10}, "e24": {"Yay": 5, "Bob Saget": 18, "Ross": 52, "Rach-Rach": 7, "Joey": 35, "Chandler": 101, "Richard": 42, "Rach": 8, "Muriel": 12, "Vegas": 70, "Chan": 10, "Drunken Gambler": 28, "Matthew Perry": 45, "Whup": 39, "Hey Rach": 9, "Ooh-ho-ho": 1, "Phalange": 16, "Regina Phalange": 10, "Dum-dum-dum": 12, "Rachel": 4}}, "s06": {"e01": {"Ross": 307, "Rachel": 89, "Hurry": 28, "Joey": 44, "Nah": 27, "Geller": 19, "Monica": 122, "Chandler": 31, "Wanna": 8, "Shh": 7, "Tom": 34, "Joe": 7}, "e02": {"Ross": 213, "Rachel": 523, "Phoebe": 47, "Ross Gellar": 33, "Ross Geller": 31, "Phoebe Buffay": 31, "Rach": 37, "Joey": 232, "Monica": 121, "Look Joey": 24, "Chandler": 232, "Hint Phoebe": 17, "Rachel...": 14, "Raquel": 85, "Meg": 5, "Joey Tribbiani": 10, "Bravo Meg": 28, "Chan": 37, "Look Ross": 18}, "e03": {"Joey": 21, "Denise": 97, "Phoebe": 16, "Rach": 57, "Rachel": 73, "Lovey Loverson": 7, "Ross": 150, "Dude": 8, "Asteroids": 50, "Gee Chandler": 21, "Monica": 84, "Warren": 41, "Ross-Ross": 26, "Chandler": 117, "Grandma": 29, "Merge": 9, "Naked": 21, "G.": 4}, "e04": {"Ross": 260, "Rachel": 147, "Rach": 6, "Geller": 53, "Guild": 9, "Monica": 43, "Joey": 131, "Chandler": 71, "Estelle": 61, "Joey Tribbiani": 34, "Kay": 25, "Kappa Kappa Deltas": 22, "Kappa": 22, "Kurt Rathman": 12, "Monica Gellerrr": 2, "Timmy": 9, "Hey Timmy": 18, "Pick": 14, "Hello Ross": 23, "McNeeley": 23, "Alex": 61, "Momma": 100, "Joe": 36, "Russell": 26, "Phoebe": 31}, "e05": {"Ross": 151, "Gunther": 14, "Joey": 21, "Frank": 80, "Alice": 80, "Phoebe": 26, "Chandler": 135, "Denise": 31, "Monica": 193, "Leslie": 724, "Geller": 31}, "e06": {"Joey Tribbiani": 9, "Joe": 32, "Joey": 56, "Wanna": 11, "Rachel": 161, "Ross": 316, "Monica": 138, "Phoebe": 108, "Chandler": 187, "Hurry": 21, "Ben": 82, "Whoo-ho-hoo": 26, "Whoo-ho-ho": 26, "Blackjack": 18, "Nah": 4, "Ho-ho": 5, "Listen Rachel": 10, "y'know Rachel": 28, "Jack": 59, "Look Chandler": 45, "Saucer": 13}, "e07": {"Phoebe": 66, "Rachel Green": 7, "Ross": 44, "Janine": 39, "Lecroix": 3, "Janine Lecroix": 3, "Joey": 141, "Chandler": 92, "Donna": 36, "Monica": 217, "Rachel I'm-I'm": 11, "Joe": 28, "Mondler": 17, "Kay": 9, "Look Chandler": 35, "Rachel": 69}, "e08": {"Chandler": 68, "Janine": 4, "Hillary": 45, "Ross": 88, "Ralph Lauren": 322, "Kim": 110, "Joey": 170, "Anne Geddes": 8, "Rach": 8, "Phoebe": 81, "Rachel": 102, "Ralph": 71, "Demon": 34, "Nah": 46, "Josephine": 3, "Monica": 18, "Kenny": 72, "Hi Ralph": 7}, "e09": {"Sydney Portier": 3, "Rachel": 133, "Ross": 291, "Monica": 247, "Joey": 103, "Chandler": 177, "Janine": 36, "Geller": 34, "Rach": 59, "Jack Geller Monica": 51, "Jack Geller": 66, "Rum": 47, "Sheperd": 13, "kiddin": 9, "Ohhh no": 12, "Ya": 20, "Especially Ross": 30, "Mary": 16, "Custard": 10, "Jack": 20, "Phoebe": 7, "Jacques Cousteau": 115, "Mom": 15, "marijuana": 19, "Alright Joey": 63, "wanna": 63}, "e10": {"Grandpa": 5, "Monica": 201, "Joe": 4, "Janine": 43, "Dick Clark's": 22, "Ross": 95, "Dick Clark": 38, "Bye Janine": 2, "Dude": 56, "Chandler": 173, "Joey": 86, "P.S. Chandler": 19, "Mom": 27, "Hmm": 24}, "e11": {"Janine": 70, "Monica": 106, "Phoebe": 118, "Pottery Barn": 25, "Chandler": 115, "Joey": 58, "Ross": 154, "Kay": 1, "Rachel": 92, "yuck": 7, "kinda": 19}, "e12": {"Dan": 25, "Monica": 110, "Chandler": 125, "Joey": 229, "Jokes": 12, "Nah": 22, "Janine": 24, "Ross": 161, "Barracuda": 14, "Gunther": 148, "Rachel": 174, "You'Re Going To Make A Lot Of Money": 31, "Rach": 31, "Phoebe": 14, "Steve": 79, "Monkey": 33}, "e13": {"Ross": 555, "Chandler": 73, "Joey Tribbiani": 9, "Joey": 58, "Rachel": 40, "Jill": 305, "Monica": 50, "Rach": 3, "Scientist": 8, "Sorry Jill": 2, "Ralph Lauren": 25, "Annie": 21, "Amy": 6, "Big": 16}, "e14": {"Rach": 48, "Ross": 193, "Joey": 64, "Yuck": 1, "Rachel": 49, "Chandler": 60, "Valentine": 35, "Please Ross": 16, "Bambi": 7, "Martin": 12, "Phoebe Buffay": 18, "Drake Remoray": 24, "Phoebe": 61, "Gunther": 16, "Bob": 59, "Y'know Bob": 5, "Jill": 120, "Caroline": 20, "Joe": 5, "Buffay": 12, "Chicken Soup": 5}, "e15": {"Barry": 45, "Mindy": 45, "Ross": 18, "Carol": 14, "kara-tay": 44, "Monica": 94, "Rachel Green": 5, "Rob Tillman": 2, "Ross Tillman": 5, "Ross Geller": 4, "Boring": 9, "Hazelnut Latte": 6, "Joey": 80, "Chandler": 129, "Phoebe": 5, "Joey Tribbiani": 57, "Rach": 6, "Drake Remoray": 7, "Drake": 21, "Rachel": 38, "Brendy": 46, "Joan": 72, "Kit-Kats": 11, "Brady": 25, "Umm": 11, "Joe": 13, "Yay": 32, "Kit-Kat": 7, "Reggie": 100, "Roger": 44, "Jack": 29, "Wesley": 39}, "e16": {"Gail Rosten": 15, "Ben": 6, "Pat": 15, "God y'know": 19, "Joey Tribbiani's": 19, "Susan": 2, "Ross": 78, "Roger": 156, "Chandler": 8, "Joey": 65, "Drake Remoray": 20, "Joey Tribbiani": 36, "Drake": 25, "Lou": 18, "Joe": 9, "Carol": 20, "Barry": 4, "Jack": 2, "Phoebe": 7, "Yen": 29, "Call 9-1-1": 7}, "e17": {"Joe": 14, "Joey": 26, "kara-tay": 41, "Ross": 32, "Monica": 37, "Valentine": 53, "Joey Tribbiani": 31, "Chandler": 26, "She'd": 20, "Phoebe": 63, "Chann": 8, "Carl": 85, "Minute Maid": 29, "Pat Sajak": 2, "Alex Trebek": 2, "Chuck Woolery": 2, "Damnit Carl": 4, "Tony Tribbiani": 11}, "e18": {"Geller": 72, "Rain Man": 13, "Chandler": 77, "Dana Keystone": 15, "Al Pacino": 17, "Rachel": 12, "Joey": 207, "Rach": 47, "Fireman": 10, "Howie": 54, "Smelly von Brownshirt": 28, "Cutie McPretty": 4, "Monica": 48, "Phoebe": 27, "She's": 37, "Elizabeth": 98, "Judgey von Holierthanthou": 30, "Ross": 67, "McNailshisstudents": 17, "Dana": 20, "Dana Caplin": 5, "Lydia": 36, "Mel": 36}, "e19": {"Damn": 14, "Joey": 36, "Chandler": 64, "Ralph Lauren": 20, "Ralph": 8, "Elizabeth": 85, "Bye Ross": 2, "Rachel": 122, "Chuckie Cheese": 13, "Tag-a-Longs": 27, "Ross": 101, "Joe": 5, "Geller": 14, "Shh": 8, "Doorknob": 3, "Feesen": 20, "Barbie": 8, "Broken": 21, "Sebastian": 81, "Phoebe": 47, "Spring Break '": 8, "Patrick": 19}, "e20": {"Mac Macaveli": 44, "Mac": 153, "Joey": 388, "Joseph": 7, "Wallace": 31, "Drake Ramoray": 31, "Eva": 19, "Al Pacino's": 16, "Make Jokes": 15, "Monica": 137, "Macaroni": 28, "Chandler": 57, "T": 21, "Kathy": 21, "Awww": 9, "Zinfandel": 29, "Ross": 84, "Joe": 76}, "e21": {"Chandler": 117, "Joey Tribbiani": 45, "Joey": 92, "Rachel": 75, "Elizabeth": 63, "Mac Macaveli": 6, "Wayne": 228, "Mac": 73, "Paul Stevens": 11, "Dad": 11, "Ross Geller": 11, "Paul": 56, "Stevens": 52, "Ross": 426, "Monica": 28, "Bing": 4, "Lizzie": 180, "Liz": 20, "Joe": 12, "Yeah Ross": 8, "Bye Rach": 23, "Bye Ross": 6, "Marcia": 72, "Chester": 72, "Phyllis": 31, "Hmm": 13, "Ben": 38, "Carol": 38, "Sarah": 12, "Rach": 9}, "e22": {"Ross": 105, "Chandler": 145, "Elizabeth": 126, "Rachel": 168, "Lizzie": 62, "Jim Belushi": 52, "Belushi": 52, "Matt Lauer": 30, "Joey Tribbiani": 71, "Matt Lauer's": 20, "Paul": 105, "Monica": 38, "Harrison Ford": 9, "Ford": 20, "Grandma": 16, "Grandmother": 30, "Monica Geller": 55, "Chandler Bing": 44, "Diet Coke": 13, "Joey": 31, "Heldi": 32, "Rachel...": 13, "Phoebe": 33, "Gunther": 2}, "e23": {"Monica": 174, "Chandler": 181, "Paul": 145, "Ross": 43, "Joey": 85, "Sharon Majesky": 20, "Richard Darinvel": 39, "Freeze": 4, "John": 1}, "e24": {"Monica": 86, "Rach": 16, "Chandler": 83, "Rachel": 37, "Ross": 40, "Elizabeth": 109, "Thompson": 40, "Joey": 60, "Shrimp": 3, "Shut": 6, "Kamikazes": 5, "Emil Alexander": 20, "Joey Tribbiani": 7, "Richard": 54, "Lisa": 13, "Tribbiani": 2, "Look Ross": 36, "Bowmont": 65, "Cappy": 67, "Noooo": 2}, "e25": {"Chandler": 367, "Monica": 210, "Tennille": 12, "Joey": 135, "Richard": 16, "Elizabeth": 14, "Ross": 110, "Edward Nevski": 2, "Rachel": 7, "Shh": 6, "Shhhh": 6, "some st-Y'know": 12}}, "s07": {"e01": {"Monica": 257, "Awww": 7, "Chandler": 190, "Joe": 11, "Phoebe": 19, "kinda": 44, "Ross": 161, "Ho-ho": 15, "Monica-Monica-Monica-Monica": 19, "Rachel": 43, "Joey": 6, "Charlie": 13, "Geller": 18, "Sweet Sixteen": 10}, "e02": {"Chandler": 106, "Ross": 23, "Monica": 73, "Ian": 20, "Derrick": 40, "Joey": 129, "Zelda": 64, "Sweepin": 5, "Phoebe": 5, "Judy": 11, "Jack": 8, "Richard": 20, "Stupid Jack": 6, "satin gown": 39, "Rach": 8, "Hey Rach": 17, "Arthur": 24, "Rach I-Rach": 25}, "e03": {"Chandler": 44, "Joey": 210, "Phoebe": 3, "Rach": 26, "Yo-ho-ho": 26, "Joe": 36, "Umm": 12, "racquetball": 43, "Monica": 27, "Rachel": 6, "Batch 17": 14, "Styrofoam": 52, "Mike Tyson": 52, "Awww": 1, "Nesele Tolouse": 23, "Nesele Toulouse": 2, "Judy": 47, "Sandwiches": 4}, "e04": {"C.H.E.E.S.E.": 16, "Mac": 73, "Joey": 59, "Kinda": 9, "Ralph Lauren": 46, "Rach": 14, "Ralph": 28, "Drake Remoray's": 8, "Hilda": 91, "Tag Jones": 2, "Awww": 4, "Phoebe": 33, "Ross": 202, "Nancy Thompson": 11, "Chandler": 274, "Monica": 57, "Terry": 79, "Stryker Remoray": 24, "Drake Remoray": 65, "Sittin": 47, "Tacos": 6, "Mexico": 4, "Nancy Thompson's": 4, "Ho-ho": 11, "Rachel Green's": 7, "Tag": 16, "Joey Tribbiani": 17, "Stryker": 11, "Kay": 1}, "e05": {"Willie": 4, "Chandler": 136, "Phoebe": 9, "Cute Coffeehouse Guy": 15, "Hums": 11, "Tag": 59, "Melissa": 58, "Yeah Melissa": 19, "Monica": 19, "Joey": 102, "Ralph Lauren": 19, "Joe": 6, "Rach": 28, "Geller": 62, "Whitney": 20, "Ross": 27, "Kyle": 102, "Rachel": 6}, "e06": {"Phoebe": 82, "Rachel": 105, "Chandler Bing": 63, "Joey": 90, "John McLane": 5, "Monica": 548, "Ross": 59, "Chandler": 239, "Julie Grath": 19, "Lewis Posin": 32, "Julie": 48, "Lewis": 17, "Umm": 57, "Webster": 57, "Skidmark": 2, "Rach": 19, "Wonder Woman": 70, "Y'know Rach": 14}, "e07": {"Chandler": 70, "Joey": 94, "Rachel": 6, "Erin": 22, "Wendy Bagina": 16, "Hot Shot": 17, "Clark": 67, "Ross": 30, "Lover": 34, "Allison": 8, "Careless Whisper": 37, "Benitez": 3, "Chester Stock's": 21, "Ross Geller": 14, "Jo-Joey": 26, "Rach": 12, "Monica": 61}, "e08": {"Rachel": 50, "Joey": 230, "Chandler": 147, "Hmm": 42, "Ross": 249, "Look Ross": 29, "Pshhshhh": 1, "Ahh": 14, "Rach": 24, "Monica": 157, "Phyllis": 61, "Clunkers": 8, "Shh": 10}, "e09": {"Ohh": 23, "Guy": 56, "Monica": 14, "Matt Guire": 6, "Mark Lynn": 6, "Ben Wire": 6, "Joey": 6, "Ross": 69, "Chandler": 56, "Gary": 7, "Night Gar'": 3, "Rach": 2, "Zelner": 90, "Betty": 81, "Rachel": 7, "Tag Sweetcheeks Jones": 32, "Tag": 20, "Merry": 13, "Candy Lady": 6}, "e10": {"Ben": 325, "Susan": 23, "Rachel": 147, "Joey": 301, "Monica": 51, "Phoebe": 30, "Chandler Bing": 24, "O'Mally": 9, "Hanukkah": 152, "Dreidel": 20, "dreidel": 40, "Rudolph": 4, "Santa": 3, "Richard": 7, "Ahh-hahaha": 1, "Tequila": 1, "Gunther": 13, "Chandler": 35, "Christmassy": 27, "Merry": 5, "Superman": 31}, "e11": {"Chandler": 39, "Braverman": 64, "Momma": 49, "Little Bakery": 49, "Smartie Pants": 21, "Joey": 180, "Cousin Frannie's": 6, "Aunt Sheryl": 48, "Glenn": 7, "Joseph Francis Tribbiani": 7, "Rachel Karen Green": 19, "Joseph Francis": 4, "Joe": 13, "Ross": 51, "graham cracker": 31, "Awww": 4, "Mel Torme": 4, "Joan": 62, "Ross Gellar": 17, "David": 207, "Monica": 146, "Monica Gellar": 11, "W-w": 13, "Mm-mmm": 1, "Hmm": 10}, "e12": {"Ross": 94, "Chandler": 24, "Monica": 57, "Shh": 6, "Joey come-": 31, "Joey": 21, "Bapstein": 15, "Armageddon": 17, "Robert Duval": 21, "Damn you": 6, "Oprah": 6, "Jughead Double Digest": 10, "Umm": 11, "Rach": 10, "Tag": 88, "Ohhhh": 9, "Zelner": 40, "Phoebe Buffay": 2}, "e13": {"Rach": 41, "Joey": 166, "Ross": 267, "Monica": 81, "Stevie": 30, "Dad": 31, "Victoria": 31, "Joe": 23, "Beer": 19, "Easy Bake Ovens": 25, "Math": 21, "Earl": 141, "Hi Earl": 36, "Chandler": 13, "Francette": 34, "We'll-we'll": 43, "Easy Bake": 39, "Ohhhhh": 6, "w-w-w-w-wait": 21}, "e14": {"Rach": 50, "Green": 33, "Monica": 117, "Chandler": 64, "Kreeger": 20, "Ross": 140, "Son": 13, "Joey": 25, "Heyyy": 6, "Pamela": 5, "Phoebe": 2, "Jack": 11, "Paul": 1, "Phil": 8, "Grandma": 24, "Hoo": 2, "Harmonica": 74, "Ding-Dongs": 74, "Ohh Tag": 18}, "e15": {"Monica": 3, "Ross": 58, "Ohhh...": 1, "Cecilia Monroe": 7, "Jessica Lockhart": 51, "Monroe": 13, "Drake Remoray's": 21, "Rach": 46, "Gunther": 16, "Charles": 13, "Joey Tribbiani": 17, "Joe": 21, "Carlos": 21, "Peter": 21, "Peter Luger": 21, "Barney": 64, "Gang": 14, "Umm Pheebs": 25, "Rachel": 27, "Joey": 61, "Jessica": 108, "Chandler": 28, "Angela Lansb-Angelina Jolie": 12, "Tom": 10, "Phoebe": 19, "Dina": 10, "Ohh": 16}, "e16": {"Ben": 262, "Joey": 108, "Phoebe": 2, "Awww": 5, "Monica": 158, "Rach": 14, "Aunt Rachel": 24, "Diet Coke": 9, "Ben y'know": 27, "Horny": 15, "Monica Minister": 15, "Joe": 64, "Joey Tribbiani": 6, "Chandler": 251, "Ross": 28, "Robin": 24, "Carol...Lesbian": 1, "Carol": 12, "Fun Aunt Rachel": 43, "Dinner": 3, "Ho-ho-ho": 5}, "e17": {"Monica": 96, "Chandler": 60, "Ross": 134, "Kristen": 60, "Rachel": 7, "Monica Geller": 8, "Megan Bailey": 3, "Joey": 142, "Memorize": 49, "Hurry": 4, "Phoebe": 14, "Joe": 28, "Y'know Ross": 6, "doofus": 25, "Kristen Lang": 2, "Carcass": 6, "y'know Ross": 17, "Eric": 3, "Ben": 5, "VD": 12, "I'll-I'll": 9}, "e18": {"Joey": 160, "Rach": 93, "Ernst Muhlbrat": 28, "Lewis": 36, "Morse": 68, "Ned": 85, "Chandler": 338, "Joey Tribbiani": 111, "Monica": 173, "Grammies": 6, "Jake": 7, "Phoebe": 76, "Ross": 118, "Elizabeth": 24, "Kay": 1, "John Wheeler": 52, "Gavin Grant": 104, "Erin Goff": 114, "Sarah Mchann": 114, "Jessica Ashley": 236, "Jessica": 116, "Rachel": 120, "Geller": 2, "Hurry": 26, "Jess": 2, "Ah Professor Winston": 71, "Fredrickson": 71, "Tony": 42, "Neil Simon": 15, "Neil": 15}, "e19": {"Martin Scorcese": 62, "Joey": 74, "Estelle": 13, "Grandma": 7, "Chandler": 49, "Phoebe": 57, "Cousin Cassie": 19, "Barbie": 19, "Ross": 7, "Very Monica": 4, "Shrill": 6, "Purvry Perverson": 10, "Aunt Marilyn": 6, "Sarah": 45, "Monica": 96, "Rach": 3, "Rachel": 34, "Toothpick": 1, "Logan": 79, "Leslie...": 18}, "e20": {"Monica": 106, "Chandler": 142, "Melissa Warburton": 14, "Ray-ray": 33, "Green": 5, "Ralph Lauren": 14, "Ralph": 10, "Melissa": 104, "Rach": 69, "Joey": 67, "Ross": 70, "Rachel": 54, "Tom Brokaw": 10, "Paul O'Neil": 6, "Pierce Brosnan": 26, "James Bond's": 28, "Val Kilmer": 75, "Batman": 20, "Tribbiani": 74, "Monica Geller": 74, "Allan": 45, "Theta Beta Pi": 45, "Hmm Phoebe": 8, "Thigh Mega Tampon": 10, "Phoebe": 56, "Ray": 11, "James Bond": 38, "Robin": 7, "Joey Tribbiani": 39, "Gunther": 18, "Diane Keeton": 2}, "e21": {"Pat": 12, "Ooh": 22, "Monica": 241, "Ross": 46, "Chandler": 147, "Ahh": 6, "Joey": 119, "Joe": 6, "Rachel": 50, "Awww": 8, "Big": 8, "Bye Chandler": 6, "Phoebe": 24, "Nono": 6}, "e22": {"Ross": 90, "Monica": 70, "Joey": 13, "Rachel": 59, "Chandler": 74, "Look Ross": 12, "Phoebe": 12, "Carmen Miranda": 104, "Girabaldi": 15, "Jake": 45, "kinda": 2, "Handsome": 7, "Waiter-Uh": 8, "Joe": 3}, "e23": {"Joey you're-you're": 8, "Monica": 304, "Ross": 41, "Rach": 60, "Joey": 48, "Richard": 27, "Joey Tribbiani": 14, "Richard Crosby": 14, "Vincent": 22, "Tony": 7, "Rachel": 38, "Chandler": 220, "Bing": 46, "Maureen": 22, "Bings": 30, "Judy": 12, "Jack Geller": 12, "Jack": 1, "Nora": 1, "Charles": 1, "Ross Geller": 90, "Ray Ban": 15, "Sorry": 17, "Shakespeare": 19, "Gunther": 9, "Rita Moreno": 13}, "e24": {"Monica": 376, "Chandler": 331, "Joey": 118, "Ross": 39, "Aaron": 55, "Umm": 46, "Richard": 76, "Bings": 43, "Paul Newman": 96, "Rachel": 32, "Owwwwww": 5, "Phoebe": 43, "Anastassakis": 47, "Jennifer Aniston": 47, "Mazel Tov": 47, "Monica Stephanopolus": 13, "Chandler Acidofolus": 13, "Hiiii-Ya": 10}}, "s08": {"e01": {"Monica": 169, "Joey": 37, "James Brolin": 107, "Barbara Streisand's": 7, "Chandler": 196, "Ed Begley Jr.": 27, "Chandler Bing": 26, "Ross": 38, "Mona": 63, "kinda": 8, "Mona Lisa": 5, "Clickclocken": 25, "Linda Clickclocken": 14, "Molly Gilbert": 32, "Dennis Phillips": 63, "Dennis": 28, "Bravo Dennis": 8, "Joey Tribbiani": 7, "Phoebe": 6, "James": 30, "Rachel": 22, "I'll-I'll": 10, "Geller": 9, "Hop": 19, "Miranda": 4, "Gert": 17, "Rach": 3, "Shh": 20}, "e02": {"Joey": 131, "Ross": 107, "Radisson": 34, "Joe": 17, "Chandler": 149, "Mashuga": 5, "Uncle Murray": 49, "Monica": 37, "I'll-I'll": 16, "Shh-shh-shh": 8, "Ed McMahon": 27, "Rachel Green": 69, "David Lynn": 23, "Gift": 9, "Gunther": 21, "Phoebe": 88, "God": 8, "Phoebe Buffay": 33, "Rachel": 45, "Ansel Adams": 8, "Rach": 46, "Buick LeSabre": 20, "Tag": 5, "Joey Tribbiani": 13, "Salami Buddy": 4}, "e03": {"Babe": 10, "Ross": 263, "Rachel": 160, "Joey": 39, "Monica": 176, "Chandler": 95, "Treeger": 44, "Joey Tribbiani": 36, "Bing": 30, "Hurry": 36, "Shh": 12, "Jasmine": 13, "Phoebe": 15, "Rach": 42, "Head Ross": 14, "Lamaze": 43, "Long": 14, "Ohh-ohh-oh": 9}, "e04": {"Greg": 92, "Jenny": 177, "Jenny yuck": 21, "Chandler": 21, "Monica": 145, "Ross": 260, "Joey": 74, "Rachel": 89, "Pervert": 5, "Joe": 4, "God": 15, "Ken Adams": 21, "Joke": 22, "Riddler": 10, "Rach": 21, "Kinda hurtin'": 5, "Irene": 13}, "e05": {"Tim": 104, "Monica": 40, "Sous": 9, "Hey Bob": 8, "Toby": 14, "Chandler": 84, "Muriel": 94, "Chandler M Bing": 23, "Shh": 6, "Chandler Muriel Bing": 13, "Jessica": 22, "Kash": 75, "Rachel": 92, "Joey": 111, "Wally": 56, "Bye Kash": 5, "Ooh Monica": 2, "Kash Ford": 24, "Bob": 102, "Gotcha": 19, "Rach": 4, "She's": 8, "Ross": 101, "Awww": 14, "Ben": 81, "Susan": 81, "Bobby": 2, "Chandler Bing's": 18, "Phoebe": 9, "wanna": 6, "Chandler M. Bing": 3}, "e06": {"Ross": 98, "Mona": 65, "Slutty Leatherface": 32, "Joey": 71, "Err-err": 6, "Phoebe": 19, "Ralph Lauren": 38, "Monica": 61, "Chandler": 103, "Sputnik": 42, "Eric": 4, "Rachel": 13, "Ursula": 40, "Lelani Mayolanofavich": 2, "Spudnik": 7, "Marry": 2, "Howdy": 2, "Lewis": 10, "Rach": 1, "Shut": 37, "Bunny": 23, "Hurry": 5}, "e07": {"Eric": 51, "Ross": 87, "Joey": 72, "Ross Geller": 9, "Rachel": 20, "Verhoeven": 14, "Bing": 11, "blurry": 41, "Look Eric": 51, "Heb Je Familie Daar": 11, "Ezel": 6, "Imax": 16, "Chandler": 11, "Gunther": 6, "Brenda": 26, "Ewww": 9, "Ezels": 1}, "e08": {"Phoebe": 26, "Monica": 30, "TiVo": 5, "Ross": 261, "Rachel Karen Green": 37, "Mona": 106, "Rachel": 118, "Joey": 30, "Latour": 10, "Chandler": 9, "Joey Tribbiani": 5, "Green": 16, "Stu": 18, "Wanna": 5}, "e09": {"Rach": 32, "Will Colbert": 22, "Ross": 132, "kinda": 17, "Jarred": 34, "Will": 34, "Chandler": 120, "Phoebe": 5, "Rachel": 144, "Monica": 46, "Anderson": 16, "Wanna": 5, "Rachel Green": 31, "Eatin": 22, "Tribbianis": 6, "Joey": 32, "Lance Davis'": 14, "Ross Rachel Green": 18, "Queen Rachel": 20, "Adam Carter": 36, "Billy Tratt": 49, "Sean McMahon": 23, "Altman": 49, "Takaka Ci-Kek": 17, "Anita": 45}, "e10": {"Necklace": 6, "Monica": 11, "Shh": 7, "Rach": 4, "Ralph Lauren": 40, "Dina": 184, "Tribbiani": 21, "Ross": 40, "Ben": 207, "Sting": 169, "Schools": 11, "Chandler": 52, "Joey": 195, "Ahhhhhhhh": 1, "Joe": 18, "Bobby Corso": 16, "Aunt Phoebe": 7, "Jack": 87, "Doug": 13, "Jenny Boone": 10, "Susan": 8, "Stings": 30, "Carol": 30, "Hop": 2, "Bobby": 139, "Concert": 25, "Dude": 21, "Numb Nuts-Oh": 15, "Rachel": 20}, "e11": {"randy": 24, "Holyfield": 17, "Joey": 19, "Mona": 75, "Ross": 52, "Doug": 7, "Long": 23, "Schiff": 33, "Rach": 29, "Monica": 45, "God Bing": 33, "Ooh Ross": 7, "Rachel": 9, "Roger": 91, "Jack": 14, "Doug I": 52}, "e12": {"Pac-Man": 57, "Neuman": 8, "Rach": 28, "Paul": 11, "Joey": 58, "Ahh": 22, "Monica": 46, "Phoebe": 42, "Chandler": 83, "Clark": 13, "Geller": 66, "Joey Tribbiani": 21, "Boy Rach": 9, "Ben": 42, "Carol": 29, "Susan": 29, "Ross": 24, "Hey Rach": 18, "Joey Tribbiani's": 12, "Yeller": 6, "Cujo": 77, "Citizen Kane": 16, "Stephan Baldwin": 29, "Ben-No": 8}, "e13": {"Rachel": 196, "Tony": 47, "Grrrreat": 47, "Chandler": 95, "Monica": 77, "Ross": 118, "Rach-Rach": 17, "Darwin": 15, "Thatcher": 7, "James": 2, "Ruth": 264, "Stewart": 2, "Ruthie Geller": 23, "Dayton": 26, "Phoebo": 26, "Rach": 61, "Joey": 156, "Tribbiani": 6, "Mother": 43, "Heath or Blaine or Sequoia": 33, "Mayo": 26, "Crushes": 33, "Lee Majors'": 39, "Lee Majors": 5, "Dude": 27, "Yay": 7, "Hooray": 7}, "e14": {"Chandler": 54, "Chandler Bing": 7, "Alexandra": 5, "Phoebe": 14, "Joey": 111, "Mia Hamm": 4, "Joe": 7, "Bob": 19, "Faye Bing": 19, "Monica": 73, "Ross": 392, "kinda": 31, "Ohhhhh": 7, "Richard": 90, "Rach-Rach-Rach": 24, "Twizlers": 12, "Kirk": 11, "Ohhhh": 20, "Rach": 15, "Rachel": 88, "Mona-Damnit Mona": 28, "Fred Sanford": 4}, "e15": {"Rach": 3, "Ross": 108, "Gunther": 7, "Mona": 82, "Rachel": 151, "Candy": 18, "Cookie": 18, "Monica": 21, "Phoebe": 32, "Jane": 23, "Wendy": 32, "Valentine": 125, "St. Valentine": 5, "Joey": 153, "Chandler": 73, "Jaws": 8, "Ayyyayyyy": 1, "Joey Tribbiani": 23, "Tribbiani": 4}, "e16": {"Joey": 178, "Rachel": 100, "Ross": 61, "Ross-Ross": 7, "Russell Crowe": 42, "Monica": 32, "Chandler": 62, "Don": 142, "Octavio": 10, "Kick": 5, "Calvin": 18, "Hobbs": 11, "Rach": 68}, "e17": {"Joey": 226, "Chandler": 28, "Rachel": 147, "Yay": 35, "Ooh": 35, "Ann Taylor's": 10, "Mona": 20, "Mine": 26, "Kat Stevens": 12, "the Kat Stevens": 7, "James Taylor": 11, "Rach": 28, "Jim": 30, "Jim Nelson": 30, "Annie": 25, "Ross": 72, "Zelner": 4, "Lee": 15, "Ralph Lauren": 19, "Item J437-A": 23, "Listen Ross": 13}, "e18": {"Ross": 206, "Parker": 50, "Chi-Chi": 299, "satin": 24, "Y'know Monica": 17, "Joey": 29, "Monica": 48, "Rachel": 93, "Chandler": 55, "Classic Ross": 10, "Massapequa": 8, "Jack": 12, "Uncle Dan": 5, "Mona": 55, "Stevie Wonder": 20, "Stevie": 6, "Annie Liebawitz": 17, "Fred Astaire": 41, "Phoebe": 28, "Debra Winger": 196, "Valium": 12, "Jenga": 4}, "e19": {"Tribbiani": 13, "Joey": 159, "Rachel Green": 149, "Mike": 13, "Kevin": 4, "Victor": 5, "Shh": 53, "Kay": 37, "Custard": 10, "Shelley": 36, "Phoebe Buffay": 3, "Rachel": 42, "Wonton": 11, "Ross": 14, "Jill": 4, "Chandler": 3, "Monica": 6}, "e20": {"Phoebe": 12, "Green": 197, "Monica Geller": 34, "Monica": 13, "Rachel": 91, "Joe": 7, "Drake Remoray": 19, "Joey Trrrribbiani": 19, "Ross Geller": 21, "Ross": 139, "Ben": 42, "Chandler": 120, "Joey": 63, "Sandra": 10, "Kay": 61, "Bing": 5, "Gimmie": 12, "Rach": 22, "John Houston": 17, "Madre Sierra": 5, "Genie": 6, "Ben Franklin": 2, "Queen Victoria": 2, "Congratulations Ross": 10, "Ray": 18, "Duncan": 21, "Erin": 43, "Joey Tribbiani": 22, "Wayne Gretzky": 2, "You'll-you're": 44, "Rachel Green": 19}, "e21": {"Monica": 113, "Joey Tribbiani": 35, "Ross": 89, "Joey": 31, "Geller": 11, "Walter Alvarez": 14, "Chandler": 20, "Monica Geller": 10, "Ben": 22, "Katie": 27, "Noooo": 17, "Chandler Bing": 41, "Fettuccini Alfredo": 13, "Ah Monica": 5, "Kate": 7, "Rach": 20}, "e22": {"Oscar": 7, "Joey": 108, "Estelle": 18, "HotGuy372": 14, "Ross": 207, "Chandler": 57, "Rach": 32, "Ohh": 28, "Grant": 12, "Rachel": 9, "Carol": 6, "Ben": 6, "Long": 6, "Joe": 7, "Monica": 8, "Chandler-Chandler": 31, "Phoebe": 19, "Ross I-We": 10}, "e23": {"Ross": 189, "Rachel Green": 16, "Ross Geller": 16, "Marc Coreger": 7, "Julie": 25, "Rachel": 103, "Jamie": 58, "Chandler": 13, "Joey": 22, "Drake Remoray": 27, "Drake": 3}, "e24": {"Long": 33, "Drake Remoray": 17, "Wells": 40, "Clifford Burnett": 2, "Rach": 2, "Sid": 89, "Ross": 161, "Rachel": 165, "We're": 12, "Enter Pheebs": 2, "Chandler Bing": 2, "Jan-Janice": 1, "Chandler": 14, "Sucker": 7, "Perkazet": 4, "Joey": 52, "Umm y'know": 34, "Push": 31, "Isabella": 19, "Emma": 121, "Yoo-hoo": 12, "Aaron Litman-Neurolic": 12, "New Boobs": 32, "Aaron": 7}}, "s09": {"e01": {"Joey": 156, "Ross": 276, "Aunt Liddy's": 11, "Emma": 60, "Ben": 13, "Rachel": 173, "Hasmeje": 32, "Chandler": 46, "Jack": 21, "I'll-I'll": 11, "Wanna": 2, "Monica": 5, "Rach": 99, "kinda": 29, "Dad": 6, "Surprised": 1, "Phoebe": 7}, "e02": {"Joey": 143, "mummy": 23, "Chandler": 68, "Ooooo": 1, "Rachel": 107, "Ross": 194, "Rach": 23, "sorry mummy": 20, "Gunther": 12, "Joe": 9, "Monica": 22, "kinda": 11, "McKenna": 33, "Surrey": 12, "Emma": 16, "Carol": 102, "Elaine": 51, "Ooh": 39, "Super Aunt": 7, "Heeeeey": 9}, "e03": {"Jets": 21, "Ahh": 3, "Joey": 115, "Ben": 16, "Wiener": 39, "Ross": 96, "Rachel": 68, "Nah": 45, "Sandy Poophack": 9, "Lana Titweiller": 9, "Chandler": 78, "Emma": 95, "Rach": 38, "Monica": 40, "Gettleman": 62, "Rubella": 38, "Wiener Wiener": 4, "Mary Ellen": 84, "Mike": 263, "Said": 20, "MIKE": 1, "Mary Ellen Jenkins": 17, "Cheesy": 47, "Nancy": 109, "Kosher": 41, "Monica Geller": 70, "Rachel Green": 12, "Argh": 8, "Javo": 20, "Iron Maiden'": 18, "Waldo": 24, "Sally": 15, "Rossy": 5, "Ross jr": 11, "Bye Chandler": 2, "Awww": 2, "Joe": 4}, "e04": {"Ross": 122, "Mike": 55, "Ross Geller": 18, "Mike Haaaaa": 15, "Mike Hanagen": 3, "Joey": 171, "Chandler": 27, "Gunther": 17, "Victoria": 120, "Mike Hanagens": 16, "Phoebe": 65, "Monica": 43, "Rachel": 34, "Rach": 18, "Chandler Watches Shark Porn": 6, "Wha-wha-wha": 5, "Vicrum": 14, "Lucifer": 26, "Oprah": 25, "Ooooooooooh": 22, "Emma": 16, "Geller": 16, "Mookurgee": 16}, "e05": {"Mike": 51, "Emma": 154, "Rachel": 12, "Chandler": 105, "Ken": 83, "Leyhallalookoos": 21, "Monica": 85, "Kick": 25, "Joseph": 8, "Thou": 8, "Phoebe": 47, "Wha-a": 26, "Miss": 6, "Ross": 71, "Mommy": 50, "Waiter": 42, "Judy": 162, "Kennedy": 57, "Whoo": 47, "Rach": 16, "Pick": 158, "Mhuh": 14, "Nah": 20, "Joey": 10}, "e06": {"Monica": 62, "Geoffrey": 107, "Chandler": 100, "Mike": 137, "Ooh": 10, "Emma": 84, "Rach": 53, "David": 218, "Schto ya ztez vigul": 52, "Joey": 11, "Heeeeeey": 1, "Sooner": 55, "Waiter": 58, "Liza Minelli": 24, "Ross": 86, "Deliah": 4, "Daniel": 53, "Skdandy": 53, "Chan": 12, "Maitre D.": 36, "Uhm": 47, "Vladnik": 43, "w-w": 17, "Rachel": 34, "Uhm...": 8, "Jerry Lewis": 33, "Wigglemunch": 32, "Gary Poppins": 30}, "e07": {"Emma": 167, "Mix Alot": 160, "Joe": 9, "Joey": 73, "Richard": 146, "Monica": 121, "Mike": 53, "Pincer": 49, "Wallis": 49, "Wallis Pincer": 6, "Ross": 35, "Catherine": 10, "Chandler": 20, "Magnum Force": 24, "Hand Luke": 24, "Theodore": 27, "Bitsy": 13, "Phoebe": 31, "Tom": 66, "Sue Angle": 9, "Buick LeSabre": 101, "Oohhhhh": 145, "Itsy Bitsy Spider": 20, "Sme": 41, "Pervert Parade": 3, "Sue": 57, "Jen": 16, "Michael": 18, "Wanna": 5}, "e08": {"Hon": 10, "Queen": 12, "Tribbiani": 57, "Ross": 427, "Mommy": 17, "Rachel": 150, "Jill": 25, "Amy": 397, "Dad": 4, "Emmett": 3, "Emma": 416, "Monica": 490, "Chandler": 261, "Joe": 5, "Phoebe": 43, "Joey": 218, "We're": 22, "Phoe-Be": 1, "Uchh": 68, "Timmy": 47, "Ralph Lauren": 39, "Joeys": 16}, "e09": {"Jo Lynn": 11, "Chandler Bing": 2, "Joe": 11, "Michael Jordon": 16, "Monica": 60, "Joey": 127, "Chandler": 53, "Emma": 65, "Mike": 58, "Ross": 352, "Rach": 22, "Phoebe": 38, "Ida Green": 33, "Bill": 21, "Rachel": 6, "Tulsa": 16}, "e10": {"Merry": 64, "Chandler": 307, "Monica": 124, "Moncia": 94, "Hanukkah": 94, "Santa Claus": 94, "Ross": 99, "Joey": 181, "Rachel": 94, "Rach": 5, "Sweet": 5, "Ben": 82, "Chandler Bing": 3, "Ble-blah-blar": 2, "Wendy": 31, "Oklahoma": 8}, "e11": {"Tiger": 26, "Joey": 81, "Richard Dreyfuss": 22, "Wanna": 12, "Emma": 75, "Ralph Lauren": 30, "Rach": 3, "Gavin Mitchell": 25, "Monica": 97, "Jerk": 9, "Gavin": 87, "Ralph": 74, "Zelner": 32, "Super Gavin": 92, "Tray": 34, "Yay": 10, "Norma Rae": 29, "Ross": 26, "Geller": 12, "Drake Ramoray": 22, "Drake": 47}, "e12": {"Rachel": 140, "Gunther": 11, "Chandler": 16, "Joey": 186, "Ross": 58, "Mike": 46, "kinda": 15, "Bob": 210, "Gavin": 182, "Emma": 28, "Tag": 41, "Cher": 24, "Morgan": 56, "Jones": 3, "Emma-Wemma-Demma": 17, "Robert": 27, "Molly": 53, "Joe": 16, "YOU'RE": 46, "Gavin Mitchelle's": 3, "Rachel Green's": 30, "Rachel Green": 30, "momma": 37, "Rach": 19, "Monica": 64, "Gavin Mitchelle": 30, "Shh": 1, "Langwild": 32, "Vodka": 11, "Awww": 4, "awww": 4}, "e13": {"Rachel": 109, "Monica": 91, "Emma": 86, "Ross": 408, "kinda hairy": 6, "Mike": 24, "Gavin": 209, "Chandler Bing": 2, "Bing": 18, "Sonia": 18, "Holly Mother": 41, "Chandler": 68, "Hello Gavin": 17, "Yummy": 13, "Kenneth": 23, "Ashley Judd": 12, "Victor Victoria": 11, "Eric": 39, "Michelle": 33, "Joey": 12, "Can Emma": 10}, "e14": {"Joey": 131, "Emma": 178, "Rach": 26, "Rachel": 300, "Ross": 184, "Yuck": 25, "Phoebe": 36, "Oprah": 12, "Chandler": 56, "Nah": 17, "Steve": 53, "Monica": 23, "Tribbiani": 5}, "e15": {"Monica": 4, "Joey": 85, "Ross": 201, "Chandler": 28, "Lennart Haze": 25, "MacBeth": 9, "Bob Hope": 19, "Joey Tribbiani": 19, "Err": 5, "Katy": 30, "Phoene": 16, "Phoebe Buffay": 13, "Lowell": 14, "Phoebe": 18, "Butterwords": 13, "kinda": 32, "Jane": 15, "Joe": 15, "Ralph Lauren": 15, "Ralph": 17}, "e16": {"Oreos": 30, "Joey": 159, "Bings": 36, "Mike Hannigan": 13, "Chandler": 163, "Monica y'know": 14, "Emma": 33, "Monica": 212, "Mike": 188, "Mike Junior": 78, "Can't": 12, "Joe": 4, "Err": 34, "Err... Kind": 3, "Rach": 28, "Carol": 50, "Divorcer": 5, "Ross": 11, "mike!/Bye mike!/Bye": 7}, "e17": {"Ross": 229, "Andrea Rich": 14, "Carol": 68, "Chandler": 108, "Emma": 244, "Joey": 129, "Mike": 140, "Monica": 140, "Rookie": 4, "chubby": 25, "Rach": 42, "Moulin Rouge": 38, "Stern": 31, "Monica Geller": 6, "Cotton": 33, "Phoebe": 21, "Damnit Phoebe": 8, "Look Emma": 15, "Manny": 12, "Chandler Bing": 24, "Tom Gordon": 17, "Kori": 53, "Kori Weston": 14, "Mum": 41}, "e18": {"Monica": 69, "Chandler": 114, "Ross": 96, "Amelia Earhart": 35, "Emma": 165, "ehm...boohaki": 12, "Joey": 16, "Rachel": 27, "Charlie": 95, "Rach": 9, "Mommy": 17, "Rachel \"Mommy": 22, "Susan": 26, "Sandra": 16, "Ralph Lauren": 7, "Phoebe": 17, "Mum": 36, "Steve": 19}, "e19": {"Joey": 274, "Chandler": 104, "Monica": 112, "Chandler Bing": 51, "Ross": 169, "Rach": 49, "Classy": 28, "Bing": 27, "Drake": 16, "Ross Geller": 75, "bush": 19, "McCheese": 28, "Javu'": 31, "Javu": 31, "Monica Geller": 43, "Wanna": 12}, "e20": {"Rachel": 29, "Joey": 409, "Don": 10, "Janet": 10, "Ross": 175, "Charlie": 108, "Ross Geller": 24, "Wealer": 5, "Spafford": 7, "Geller": 2, "Jane Rogers": 47, "Stupid Jane Rogers": 3, "Phoebe": 15, "Monica": 75, "Charlie Wealer": 10, "Kyle Lowder": 5, "Chandler": 88, "Matthew": 11, "Albert Wintermeyer": 29, "Alby": 63, "Albert Einstein": 16, "Benjamin Hobart": 9, "Billy": 10, "McArthur": 10, "Joan Rivers": 25, "Joe": 14, "Damn": 15, "Screw": 7, "Joe Phd": 31, "Rach": 14}, "e21": {"Joey": 288, "Charlie": 135, "Rachel": 31, "Ross": 80, "Fine": 11, "Wendy": 20, "Dean": 30, "the Chronos Quartet": 14, "Walt Whitman": 15, "Rachel Green": 25, "Bing": 17, "Sid": 47, "Monet": 46, "Nah": 32, "Chandler": 20, "Monica": 19, "Glupi Glabi": 16, "Ikea": 18, "Ja": 6, "Phoebe": 11, "Die": 6, "R. Geller": 15, "Connelly": 139}, "e22": {"Emma": 31, "Rach": 14, "Charlie": 52, "Let's": 4, "Mike": 218, "Aaargh": 9, "Kurts Baley": 3, "Sherman": 20, "Monica": 34, "Ross": 26, "Ben": 10, "Melanie Griffith": 14, "Joey": 95, "Zack": 101, "Chandler": 23, "Rachel": 44, "Bermuda": 9, "Fran": 30, "Shakespeare": 51, "Dukakis": 12, "Male Pattern Baldness": 8, "Phoebe": 57, "David": 4, "God": 36, "Jeanette": 12}, "e23": {"Joey": 138, "Barbados": 4, "Yeah Ross": 24, "David": 423, "Charlie": 29, "Joe": 31, "Geller": 29, "Sarah": 30, "Ross Geller": 9, "Professor Wheeler": 20, "Joey Tribbiani": 20, "Ross": 183, "Drake Ramoray": 12, "Chandler": 138, "Bernoulli": 14, "Mike": 453, "Monica": 166, "Richard": 27, "Phoebe": 242, "Goodbye Mike": 26, "Glad": 7, "Kenneth Schwartz": 23, "Britney Spears": 11, "Diana Ross": 11, "Roseanne Rosannadanna": 21, "Anna Kournikova": 29, "Billy Jean King": 30, "Rachel": 21, "uhm": 51, "Rach": 39, "Frank Medeio": 11, "Eva Trorro": 11, "Kate Miller": 6, "Champagne": 8, "Emma": 24, "Ben": 8, "La...": 2, "Sorry David": 9}, "e24": {"Ross": 111, "Homo": 56, "Jarvis Oberblau": 18, "Rachel": 31, "Mike": 48, "Wanna": 5, "Monica": 82, "Joe": 22, "Charlie": 35, "Rach": 27, "Li": 15, "Ok Mike": 9, "Nancy": 8, "Joey": 97, "Clerk": 13}}, "s10": {"e01": {"Mike": 353, "Ross": 238, "Phoebe": 28, "Geller": 11, "Charlie": 162, "Joey": 272, "Barbados": 4, "Rachel": 49, "Charlie, Joey and": 31, "Monica": 31, "Grandma": 25, "Rach": 3, "Jesus": 3, "aaaaaahhhh": 2, "kinda": 28, "Allen Iverson": 16, "Aaah": 20, "Chandler": 56, "Green": 44, "Emma": 21, "Susie": 60}, "e02": {"Ross": 288, "Rach": 5, "Charlie": 160, "Bill": 43, "Colleen": 43, "Frank": 112, "Frank Jr. Jr.": 26, "Chandler": 94, "Leslie": 33, "Joey": 101, "Rachel": 128, "Van Halen": 13, "Owen": 124, "Alice": 33, "Frank Jr.Jr.": 2, "Monica": 10, "Emma": 9}, "e03": {"Rachel tonight": 6, "Chandler": 166, "Monica": 163, "Billy Joel": 12, "Geller": 19, "Pat": 48, "pat": 9, "Rachel": 13, "Phoebe": 21, "Joe": 12, "Joey": 83, "Hawaiian Tropic": 9, "Ross": 27, "Mike": 21, "Musty": 1, "Ehm": 6, "kinda": 1, "Glenda": 31, "Kinda": 11, "se-x-u-ally": 7}, "e04": {"Emma": 780, "Chandler": 80, "Maxim": 15, "Joey": 157, "Green": 6, "Ross": 158, "Geller": 11, "Monica": 52, "Robert Munsch": 105, "Phoebe": 20, "Richard Crenna": 51, "Rach": 33, "Jack": 45, "Judy": 10, "Aunt Monica": 24, "Rachel": 135, "Estelle": 3, "Alan": 12}, "e05": {"Emma": 93, "Rach": 37, "Joey": 101, "Mike": 55, "Ehm": 5, "Chandler": 57, "Ross": 148, "Amy": 161, "Charlie": 22, "Rachel": 44, "Monica": 36, "Tools": 34, "Joey Tribbiani's": 26, "Mark": 10, "Myron": 37, "Barry": 72, "Homo Sapiens": 14, "Tribbiani": 22, "Erin Brockovich": 12, "Yeaah": 1, "Molly": 18, "Joe": 10, "Felt": 16, "Chandler Bing": 21, "Nah": 8, "Mike Hannigan": 6, "Joey Tribbiani": 30, "Jill": 40, "Phoebe Buffay": 40}, "e06": {"Mike": 104, "Diaz": 10, "Brady Smith": 10, "Bob Greenmore's": 11, "Jethro Tull": 6, "Monica": 104, "Benjamin Hobart": 50, "Chandler": 45, "Joe": 16, "Rach": 18, "Joey": 82, "Christie Brinkley": 38, "Charlie": 57, "Ross Geller": 6, "Ross": 45, "Benji": 16, "Gladys": 79, "Li": 130, "Geller": 37, "whoah": 42, "Aunt Margaret's": 24, "Buffay": 5, "Mboscodictiosaur": 15, "Wally Cox": 28}, "e07": {"Monica": 37, "Chandler": 27, "X": 5, "Phoebe Buffay": 5, "Buffay": 4, "Mike Hannigan": 7, "Emma": 155, "Ross": 114, "Charlie": 13, "Claire Danes": 21, "Lady": 10, "Rach": 6, "Laura": 28, "Joey Tribbiani": 9, "Hellooo": 8, "Joe": 6, "Bert": 24, "Ernie": 10, "Brian": 11, "Joey": 6}, "e08": {"Monica": 149, "Emma": 162, "Chandler": 52, "Phil": 36, "Bleecker": 19, "Rach": 15, "Susanne": 22, "Phoebe": 6, "Ross": 31, "Hemingway Bing": 23, "Joey": 85, "Rebecca": 6, "Haley": 32, "Cameron": 39, "Michelin Man": 39, "Rachel": 65, "Bob": 6, "Michelle Kwan": 24, "Tribbiani": 7, "Alicia Mae Emory's": 6, "Alicia Mae": 13, "Phoebe Buffay": 7, "Dessert": 1, "Pete": 22, "Ewww": 6, "Chan": 6, "Argh": 11, "Alicia Mae Emory": 31}, "e09": {"Chandler": 109, "Sarah": 40, "Rach": 22, "Joey": 93, "Mandy": 14, "Ross": 125, "Rachel": 57, "Erica": 53, "Monica": 61, "God": 12, "Emma": 5, "Raspberry": 4, "Chandler Bing": 5}, "e10": {"Ross": 64, "Joe": 21, "Emma": 8, "Chandler": 345, "Monica": 112, "Rachel": 97, "Nancy": 117, "Phoebe": 110, "Mike": 30, "Sarah Jessica Parker": 23, "Rolex": 45, "Green": 5, "Joker": 15, "Joey": 11, "Dangerous Liaisons": 2, "Chandler Bing's": 6, "y'know Rachel": 48}, "e11": {"Joey": 106, "Lose": 5, "Chandler": 78, "Donny Osmond": 20, "Ross": 113, "Marie": 10, "Geoffrey Cleric": 15, "John Rosoff": 18, "Andrea Tamburino": 18, "Michael Skloff": 18, "Missy Goldberg": 59, "Holmes": 6, "Molly Ringwald": 19, "Pyramid": 33, "Gene Lester": 33, "Joey Tribbiani": 69, "Leslie Charleson": 46, "Gene": 164, "Seriously Pheebs": 11, "Rachel": 113, "Monica": 38, "Ahaha": 10, "Salami": 3, "Henrietta": 42, "Chandler Bing": 17, "Goodbody": 5, "Jack": 11, "Jill": 11, "Adrienne": 3, "Corey Haim": 21, "Rach": 7, "Cindy Crawford": 8, "Christie Brinkley": 8, "Heidi Klum": 8, "Claudia Schiffer": 8, "Christie Turlington": 4, "Kate Moss": 4, "Phoebe": 9}, "e12": {"Joey": 375, "Iceman": 38, "Phoebe": 88, "Marjorie": 25, "Rach": 12, "Emma": 3, "Monica": 25, "Mike": 792, "Ross": 81, "Chandler": 146, "Mary Ellen": 138, "groomsman": 33, "Lorkins": 19, "Michael": 3, "Joseph": 1, "Thissa Time Itsa Personal": 25, "Joe": 22, "Rachel": 8, "Gunther": 22, "Chappy": 19, "Level 1": 28, "Geez Ross": 6, "Groomsman": 22, "MA": 15}, "e13": {"Champagne": 20, "Mike": 3, "Joey": 21, "mon ami": 9, "Erica": 92, "Rachel": 41, "Emma": 24, "Mooooo": 23, "Ross": 66, "Monica": 14, "Claude": 36, "Je m'appelle Claude": 31, "Je de coup": 4, "Je": 11, "Rachel Green": 24, "Ross Geller": 5, "Rach": 88, "Ohhh": 24, "Green": 37, "Geller": 6, "RACH": 5, "m'ap": 2, "Je m'appelle": 2, "Ombrah": 20, "Rachel Green's": 19, "Chandler": 18, "quatre": 13, "bla": 6, "Bleu de la bleu": 13, "bleu": 13, "Jiminy Billy Bob": 38, "Joe": 8, "Sex Ed": 33, "la lu blah bloo": 14, "bloo": 9, "Pfoof": 9, "Regine Philange": 28, "je vais vous": 16, "un peu retarde": 16, "jeu avec": 9, "Toute-de-le-fruit": 2, "Valentine": 2}, "e14": {"Ross": 105, "Gucci": 105, "Bing": 11, "Hannigan": 13, "Mrs Hannigan": 2, "Joe": 23, "Joey": 143, "Mike": 104, "Monica": 57, "Chandler": 57, "James Campbell": 2, "Ralph Lauren": 50, "Hugo Boss": 3, "Buffay": 32, "Buffay-Hannigan": 38, "Princess Consuela": 3, "Valerie": 10, "Wha-hoo": 16, "Gunther": 13, "Rach": 66, "Phoebe Buffay": 12, "Crap Bag": 25, "Mike Crap Bag": 3, "Crap": 16, "Mark": 49, "Banana Hammock": 5, "Bag": 4, "Rita": 15, "Mike Hannigan": 16, "Phoebe Buffay-Hannigan Banana Hammock": 6, "Rachel": 4}, "e15": {"Emma": 64, "Joey": 121, "Ross": 53, "Rachel": 85, "Ralph Lauren": 68, "Ron": 98, "Chandler": 100, "Estelle Leonard": 23, "Charlie Brown": 11, "Rachel Green's": 19, "Don": 4, "Estelle": 143, "Alan Lemond": 23, "Louis Vuitton": 21, "Monica": 86, "Ellen": 32, "Al T. Booker": 42, "Westside": 42, "Sid": 43, "Chandler Bing": 11, "Zelner": 47, "Al Zebooker": 43}, "e16": {"Joe": 25, "Rach": 29, "Emma": 51, "Erica": 86, "Ross": 185, "Joey": 184, "Chandler": 104, "Rachel": 65, "Geller": 28, "Handcuffs": 15, "Monica": 88, "Richard": 77, "Mike": 10, "Phoebe": 15, "Melrose Place": 58, "GONNA": 52}, "e17": {"Erica": 60, "Shh": 10, "Dracula": 23, "Nah": 13, "Monica": 107, "Chandler": 183, "Ben": 10, "Rachel": 60, "Ross": 71, "Emma": 47, "Atkins": 14, "Gunther": 89, "Joe": 2, "Mike": 7, "Ethel": 19, "Jack": 8, "Jack Bing": 54, "Gazette": 27, "Wanna": 6, "Hurry": 2, "Joey": 4}, "e18": {"Ross": 161, "Monica": 50, "Rachel": 9, "JFK": 1, "Jordan": 34, "Victor": 34, "Rach": 4, "Rachel Green": 3, "Treeger": 12}}}