[{"source": "Chandler", "target": "Rachel", "value": 32}, {"source": "Joey", "target": "Rachel", "value": 26}, {"source": "Rachel", "target": "Ross", "value": 94}, {"source": "Chandler", "target": "Joey", "value": 78}, {"source": "Chandler", "target": "Ross", "value": 63}, {"source": "Joey", "target": "Ross", "value": 61}, {"source": "Barry", "target": "Sweet", "value": 2}, {"source": "Potato Head", "target": "Sweet", "value": 1}, {"source": "Barry", "target": "Barry", "value": 2}, {"source": "Barry", "target": "Potato Head", "value": 2}, {"source": "Push", "target": "Push", "value": 4}, {"source": "Paul", "target": "Paul the Wine Guy", "value": 2}, {"source": "Joey", "target": "Paul", "value": 1}, {"source": "Paul", "target": "Paul", "value": 3}, {"source": "La-la-la-la", "target": "La-la-la-la-la-", "value": 1}, {"source": "Barry", "target": "Barry Finkel", "value": 1}, {"source": "Cookie Dough", "target": "Ross", "value": 1}, {"source": "Cherry Vanilla", "target": "Ross", "value": 1}, {"source": "Cherry Vanilla", "target": "Cookie Dough", "value": 1}, {"source": "Andrea", "target": "Angela", "value": 1}, {"source": "David", "target": "John", "value": 1}, {"source": "W-w-wh-", "target": "w-w", "value": 1}, {"source": "Carol", "target": "Susan", "value": 9}, {"source": "Susan", "target": "Susan", "value": 4}, {"source": "Barry", "target": "Susan", "value": 1}, {"source": "Ross", "target": "Susan", "value": 3}, {"source": "Farber", "target": "Jason Greenstein's", "value": 1}, {"source": "Minnie", "target": "Mouse", "value": 1}, {"source": "Julia", "target": "Minnie", "value": 1}, {"source": "Julia", "target": "Mouse", "value": 1}, {"source": "Mindy", "target": "Mindy", "value": 8}, {"source": "Helen Willick-Bunch-Geller", "target": "Ross", "value": 1}, {"source": "Barry", "target": "Mindy", "value": 8}, {"source": "Mind, y'know", "target": "Mindy", "value": 1}, {"source": "Barry", "target": "Mind, y'know", "value": 1}, {"source": "Millners", "target": "Millners", "value": 1}, {"source": "Chi Chi", "target": "Millners", "value": 2}, {"source": "Decaf cappucino", "target": "Joey", "value": 1}, {"source": "Alan", "target": "Alan", "value": 2}, {"source": "Bugs", "target": "Bugs Bunny", "value": 2}, {"source": "Alan", "target": "Bugs Bunny", "value": 1}, {"source": "Bugs", "target": "Bugs", "value": 1}, {"source": "Alan", "target": "Bugs", "value": 2}, {"source": "Joey", "target": "Monica", "value": 23}, {"source": "Monica", "target": "Ross", "value": 42}, {"source": "Alan", "target": "Chandler", "value": 1}, {"source": "Carol", "target": "her lesbian lover", "value": 1}, {"source": "Phoebe", "target": "Twister", "value": 1}, {"source": "Bob", "target": "Joey", "value": 1}, {"source": "Bob", "target": "Bob", "value": 17}, {"source": "Bob", "target": "Bob...", "value": 1}, {"source": "Bob", "target": "Monica", "value": 1}, {"source": "Angela", "target": "Bob", "value": 2}, {"source": "Monica", "target": "Rachel", "value": 45}, {"source": "Snuggles", "target": "kinda", "value": 1}, {"source": "Bullwinkle", "target": "Bullwinkle", "value": 1}, {"source": "Monica", "target": "Monica", "value": 52}, {"source": "Chandler", "target": "La la la la la la la", "value": 1}, {"source": "Chandler", "target": "Chandler", "value": 59}, {"source": "Ethan", "target": "Ethan", "value": 1}, {"source": "Al Pacino's", "target": "Kay", "value": 1}, {"source": "Aurora", "target": "Kay", "value": 1}, {"source": "Kay", "target": "Monica", "value": 3}, {"source": "Aurora", "target": "Monica", "value": 1}, {"source": "Chandler", "target": "Monica", "value": 132}, {"source": "Ethan", "target": "Rick", "value": 1}, {"source": "Grinch", "target": "Shut", "value": 1}, {"source": "Phoebe Buffay", "target": "Shh", "value": 1}, {"source": "Jill", "target": "Jill Goodacre", "value": 2}, {"source": "Jill Goodacre", "target": "Jill Goodacre", "value": 1}, {"source": "Chandler", "target": "Jill Goodacre", "value": 1}, {"source": "Bob Buttons", "target": "Bob Buttons", "value": 1}, {"source": "Paolo", "target": "Paolo", "value": 1}, {"source": "Monica", "target": "Paolo", "value": 2}, {"source": "Paolo", "target": "Rachel", "value": 5}, {"source": "Brian", "target": "Brian", "value": 7}, {"source": "Dorothy", "target": "Sorry- Hi", "value": 1}, {"source": "Chandler", "target": "Dorothy", "value": 1}, {"source": "Mom", "target": "Ross", "value": 1}, {"source": "Aramis", "target": "Aramis", "value": 1}, {"source": "Phoebe", "target": "Ross", "value": 6}, {"source": "God", "target": "Paolo", "value": 1}, {"source": "David", "target": "Scientist Guy", "value": 1}, {"source": "Chandler", "target": "Fun Bobby", "value": 1}, {"source": "Fun Bobby", "target": "Fun Bobby", "value": 1}, {"source": "Fun Bobby", "target": "Whoah", "value": 1}, {"source": "Max", "target": "Monica", "value": 1}, {"source": "Nonono", "target": "Ross", "value": 1}, {"source": "Glen", "target": "Glen", "value": 1}, {"source": "Mom-", "target": "Rachel", "value": 1}, {"source": "Mom-", "target": "Paolo", "value": 1}, {"source": "Joey", "target": "Paolo", "value": 1}, {"source": "Joey", "target": "Mom-", "value": 1}, {"source": "Joey", "target": "Mother-Kisser", "value": 1}, {"source": "Aunt Syl", "target": "Aunt Syl", "value": 1}, {"source": "Aunt Syl", "target": "Uncle Freddie", "value": 2}, {"source": "Mommy", "target": "Mommy", "value": 1}, {"source": "Monica", "target": "mmwa", "value": 1}, {"source": "Huey Lewis", "target": "Susan", "value": 1}, {"source": "mmmwa Susan", "target": "mmmwa oh", "value": 1}, {"source": "Sparky", "target": "Whoah whoah", "value": 1}, {"source": "Bazida", "target": "Ma", "value": 1}, {"source": "Joey", "target": "Ronni", "value": 1}, {"source": "Chandler", "target": "Ronni", "value": 2}, {"source": "Joey", "target": "Zinfandel", "value": 2}, {"source": "Pete Carney", "target": "Roger", "value": 1}, {"source": "Chandler", "target": "Ohhh", "value": 1}, {"source": "Adam Ritter's", "target": "Barry", "value": 1}, {"source": "Carol Willick", "target": "Kristen Riggs", "value": 1}, {"source": "Carol", "target": "Kristen Riggs", "value": 2}, {"source": "Kristen Riggs", "target": "Kristin", "value": 3}, {"source": "Carol", "target": "Carol Willick", "value": 2}, {"source": "Carol Willick", "target": "Kristin", "value": 3}, {"source": "Carol", "target": "Kristin", "value": 6}, {"source": "Carol", "target": "Carol", "value": 3}, {"source": "Kristin", "target": "Kristin", "value": 3}, {"source": "Chan", "target": "Jan Forever", "value": 1}, {"source": "Wendy", "target": "Wendy", "value": 6}, {"source": "Err", "target": "Rostins", "value": 1}, {"source": "J.C.", "target": "Rostins", "value": 1}, {"source": "Michael", "target": "Rostins", "value": 1}, {"source": "Err", "target": "J.C.", "value": 1}, {"source": "Err", "target": "Michael", "value": 1}, {"source": "J.C.", "target": "Michael", "value": 1}, {"source": "Carol Willick", "target": "Ross Geller", "value": 1}, {"source": "Ross Geller", "target": "Susan Bunch", "value": 1}, {"source": "Ross Geller", "target": "Susan", "value": 1}, {"source": "Carol Willick", "target": "Susan Bunch", "value": 1}, {"source": "Carol Willick", "target": "Susan", "value": 1}, {"source": "Susan", "target": "Susan Bunch", "value": 1}, {"source": "Laverne", "target": "Shirley", "value": 1}, {"source": "Flanen", "target": "Flanen-nen", "value": 1}, {"source": "Flan", "target": "Flanen-nen", "value": 1}, {"source": "Flan", "target": "Flanen", "value": 1}, {"source": "Ross", "target": "Ross", "value": 169}, {"source": "Bookbinders", "target": "Helen", "value": 1}, {"source": "Judy Jetson", "target": "Randy Brown", "value": 1}, {"source": "Heckles", "target": "Heckles", "value": 1}, {"source": "Betty", "target": "Betty", "value": 1}, {"source": "Betty", "target": "Joey", "value": 2}, {"source": "Ernest", "target": "Tova Borgnine", "value": 1}, {"source": "Err yeh", "target": "Monica", "value": 1}, {"source": "Err yeh", "target": "Rachel", "value": 2}, {"source": "Rachel", "target": "Rachel", "value": 34}, {"source": "Dad", "target": "li", "value": 1}, {"source": "Mira, Mira", "target": "el viejo desnudo", "value": 1}, {"source": "Mira, Mira", "target": "haciendo el hula hoop", "value": 1}, {"source": "el viejo desnudo", "target": "haciendo el hula hoop", "value": 1}, {"source": "Marcel", "target": "Mira, Ross", "value": 1}, {"source": "Rach", "target": "Rach", "value": 12}, {"source": "Jamestown", "target": "King George", "value": 1}, {"source": "Cinnamon Stick", "target": "Earl Grey", "value": 1}, {"source": "Earl Grey", "target": "Mint Medley", "value": 1}, {"source": "Earl Grey", "target": "Lemon Soother", "value": 1}, {"source": "Cinnamon Stick", "target": "Mint Medley", "value": 1}, {"source": "Cinnamon Stick", "target": "Lemon Soother", "value": 1}, {"source": "Lemon Soother", "target": "Mint Medley", "value": 1}, {"source": "Barry", "target": "Paolo", "value": 2}, {"source": "Francis", "target": "Monica", "value": 1}, {"source": "Barry", "target": "Francis", "value": 1}, {"source": "Dexter", "target": "Francis", "value": 1}, {"source": "Francis", "target": "Marcel", "value": 1}, {"source": "Barry", "target": "Monica", "value": 1}, {"source": "Dexter", "target": "Monica", "value": 1}, {"source": "Marcel", "target": "Monica", "value": 1}, {"source": "Barry", "target": "Dexter", "value": 1}, {"source": "Barry", "target": "Marcel", "value": 1}, {"source": "Dexter", "target": "Marcel", "value": 1}, {"source": "Lincoln High", "target": "Luisa Gianetti", "value": 1}, {"source": "Luisa", "target": "Monica", "value": 2}, {"source": "Luisa", "target": "Luisa", "value": 1}, {"source": "Marcel", "target": "Marcel", "value": 2}, {"source": "Nono", "target": "Rachel", "value": 1}, {"source": "Patti", "target": "Patti", "value": 1}, {"source": "Ooh", "target": "Ooh", "value": 4}, {"source": "Peanut", "target": "Salty", "value": 1}, {"source": "Barry", "target": "Rachel", "value": 3}, {"source": "Bobby Rush", "target": "Farber", "value": 1}, {"source": "Sidney", "target": "Sidney", "value": 1}, {"source": "Farber", "target": "Jason Costalano", "value": 1}, {"source": "Joe", "target": "Joey", "value": 7}, {"source": "Stalin", "target": "Stalin", "value": 1}, {"source": "Bye Bye Birdie", "target": "Joseph Stalin", "value": 2}, {"source": "Bye Bye Birdie", "target": "Fiddler", "value": 1}, {"source": "Joseph Stalin", "target": "Joseph Stalin", "value": 1}, {"source": "Fiddler", "target": "Joseph Stalin", "value": 2}, {"source": "Monana", "target": "Y'know", "value": 1}, {"source": "Bing", "target": "Boss", "value": 2}, {"source": "Bing", "target": "Bing", "value": 2}, {"source": "Karaoke", "target": "Tracy", "value": 1}, {"source": "Ebony", "target": "Karaoke", "value": 1}, {"source": "Ebony", "target": "Tracy", "value": 1}, {"source": "Boss", "target": "Caring Boss", "value": 1}, {"source": "Boss Man Bing", "target": "Caring Boss", "value": 1}, {"source": "Boss", "target": "Boss Man Bing", "value": 1}, {"source": "Rossy", "target": "Rossy", "value": 1}, {"source": "Chunkys", "target": "Susan", "value": 1}, {"source": "Carol", "target": "Rachel Green", "value": 1}, {"source": "Joey", "target": "Joey", "value": 121}, {"source": "Jordie", "target": "Jordie", "value": 2}, {"source": "Jamie", "target": "Jordie", "value": 2}, {"source": "Jamie", "target": "Susan", "value": 1}, {"source": "Jordie", "target": "Susan", "value": 1}, {"source": "Jessy", "target": "Jordie", "value": 2}, {"source": "Cody", "target": "Jordie", "value": 2}, {"source": "Dylan fiasco", "target": "Jordie", "value": 2}, {"source": "Cody", "target": "Jessy", "value": 1}, {"source": "Dylan fiasco", "target": "Jessy", "value": 1}, {"source": "Cody", "target": "Dylan fiasco", "value": 1}, {"source": "Lydia", "target": "Push", "value": 2}, {"source": "Lydia", "target": "ho", "value": 1}, {"source": "Push", "target": "ho", "value": 2}, {"source": "Ben", "target": "Ben", "value": 29}, {"source": "Joey", "target": "Melanie", "value": 1}, {"source": "Aaaaaahhhh", "target": "Ben", "value": 1}, {"source": "Rach", "target": "Ross", "value": 9}, {"source": "Julie", "target": "Julie", "value": 8}, {"source": "Julie", "target": "Rachel", "value": 15}, {"source": "Julie", "target": "Ross", "value": 3}, {"source": "Julie", "target": "Rach", "value": 1}, {"source": "Monica", "target": "Rach", "value": 4}, {"source": "Chandler", "target": "Rach", "value": 10}, {"source": "Joey", "target": "Rach", "value": 4}, {"source": "Julie", "target": "Monica", "value": 2}, {"source": "Chandler", "target": "Julie", "value": 1}, {"source": "Joey", "target": "Julie", "value": 1}, {"source": "Julie", "target": "Julie!", "value": 2}, {"source": "Ross", "target": "Rrrooossss", "value": 2}, {"source": "Chandler", "target": "Frankie", "value": 1}, {"source": "Chandler", "target": "Joey Tribbiani", "value": 4}, {"source": "Frankie", "target": "Joey Tribbiani", "value": 1}, {"source": "Demi Moore", "target": "Dudley Moore", "value": 1}, {"source": "Andie McDowell", "target": "Rodney McDowell", "value": 1}, {"source": "Carol", "target": "Joey", "value": 1}, {"source": "Bijan", "target": "Bijan", "value": 7}, {"source": "Jew", "target": "Ju Hi", "value": 1}, {"source": "Joanne", "target": "Monica", "value": 2}, {"source": "Joanne", "target": "Joanne", "value": 1}, {"source": "Joanne", "target": "Steve", "value": 4}, {"source": "Monica", "target": "Steve", "value": 2}, {"source": "Steve", "target": "Steve", "value": 2}, {"source": "Ben", "target": "Ross", "value": 9}, {"source": "Mornin", "target": "mornin", "value": 1}, {"source": "Adam", "target": "Chandler", "value": 1}, {"source": "Adam", "target": "Joey", "value": 1}, {"source": "Chandler Bing", "target": "Janice", "value": 1}, {"source": "Evolution", "target": "Phoebe", "value": 2}, {"source": "Evolution", "target": "Evolution", "value": 1}, {"source": "Buddy Boyle", "target": "Heckles", "value": 1}, {"source": "Cobb", "target": "Thomas", "value": 1}, {"source": "Bob", "target": "Jane", "value": 1}, {"source": "Leon", "target": "Leon", "value": 1}, {"source": "Ben", "target": "Crankypants", "value": 1}, {"source": "Terry", "target": "Terry", "value": 1}, {"source": "Joey", "target": "Want Daddy", "value": 1}, {"source": "Uncle Chandler", "target": "Want Daddy", "value": 1}, {"source": "Joey", "target": "Uncle Chandler", "value": 1}, {"source": "Michael", "target": "Ross", "value": 1}, {"source": "Michael", "target": "Rach", "value": 1}, {"source": "Julie", "target": "Julie.", "value": 1}, {"source": "Neil", "target": "Neil", "value": 1}, {"source": "Neil", "target": "Will Betty", "value": 2}, {"source": "Ju...Loolie", "target": "Neil", "value": 2}, {"source": "Ju...Loolie", "target": "Will Betty", "value": 1}, {"source": "Julie", "target": "Julie, Ross", "value": 1}, {"source": "Ned", "target": "Rachel", "value": 1}, {"source": "Rach", "target": "Rachel", "value": 4}, {"source": "Michelle", "target": "Rachel", "value": 2}, {"source": "Michelle", "target": "Ross", "value": 2}, {"source": "Rachel Green", "target": "Treeger", "value": 1}, {"source": "Hanukkah", "target": "Treeger", "value": 1}, {"source": "Ross", "target": "Sweet", "value": 2}, {"source": "Joey Tribbiani", "target": "Lori", "value": 1}, {"source": "Ross", "target": "Russ", "value": 2}, {"source": "Ross", "target": "Russ, Ross", "value": 1}, {"source": "Russ", "target": "Russ, Ross", "value": 1}, {"source": "Ross", "target": "Wanna", "value": 1}, {"source": "Russ", "target": "Wanna", "value": 1}, {"source": "Russ is Ross", "target": "Russ... Ross", "value": 1}, {"source": "Drake Ramoray", "target": "Wallace", "value": 2}, {"source": "Drake Remore", "target": "Joey", "value": 1}, {"source": "Drake Remore", "target": "Ooh", "value": 1}, {"source": "Lipson", "target": "Opossum", "value": 1}, {"source": "Drake", "target": "Hans Remore", "value": 2}, {"source": "Drake", "target": "Drake", "value": 1}, {"source": "Gabe Kaplan", "target": "Jean-Claude Van Damme", "value": 1}, {"source": "David Stein", "target": "Stephen Hurs", "value": 1}, {"source": "Drew Barrymore", "target": "Jean-Claude", "value": 1}, {"source": "Joey", "target": "Marcel", "value": 1}, {"source": "Susie", "target": "Susie", "value": 2}, {"source": "Jean-Claude Van Damme", "target": "Sudden Death", "value": 1}, {"source": "Drew Barrymore", "target": "Rachel", "value": 1}, {"source": "Drew", "target": "Rachel", "value": 1}, {"source": "Drew", "target": "Drew Barrymore", "value": 1}, {"source": "Cathy", "target": "Ross", "value": 1}, {"source": "Casey", "target": "Rachel", "value": 4}, {"source": "Casey", "target": "Casey", "value": 1}, {"source": "Ross Geller", "target": "Wha", "value": 1}, {"source": "Judy", "target": "Judy", "value": 5}, {"source": "Jack", "target": "Rachel", "value": 4}, {"source": "Jack", "target": "Jack", "value": 1}, {"source": "Rachel", "target": "Roy", "value": 1}, {"source": "Adam", "target": "Eve", "value": 1}, {"source": "Burke", "target": "Richard Burke", "value": 2}, {"source": "Burke", "target": "Burke", "value": 2}, {"source": "Rich", "target": "Ross", "value": 1}, {"source": "Bob", "target": "Harmon Kilerbrew", "value": 1}, {"source": "Johnny", "target": "Johnny Shapiro", "value": 1}, {"source": "Bert", "target": "Ernie", "value": 1}, {"source": "Richard", "target": "Richard", "value": 9}, {"source": "Dino", "target": "Tony", "value": 1}, {"source": "Call Joanna", "target": "Tony", "value": 1}, {"source": "Tony", "target": "Tony", "value": 1}, {"source": "Chan", "target": "Joey", "value": 3}, {"source": "Eddie", "target": "Joey", "value": 1}, {"source": "Eddie", "target": "Sean Penn", "value": 2}, {"source": "Sean Penn", "target": "ya know", "value": 1}, {"source": "Eddie", "target": "Eddie", "value": 1}, {"source": "Eddie", "target": "ya know", "value": 2}, {"source": "Billy Dreskin", "target": "Pete Carney", "value": 1}, {"source": "Barry", "target": "Billy Dreskin", "value": 1}, {"source": "Billy Dreskin", "target": "Paolo", "value": 1}, {"source": "Barry", "target": "Pete Carney", "value": 1}, {"source": "Paolo", "target": "Pete Carney", "value": 1}, {"source": "Look Eddie", "target": "Pocket", "value": 1}, {"source": "Paolo", "target": "Ross", "value": 5}, {"source": "John Savage", "target": "John Voit", "value": 1}, {"source": "Horton", "target": "Wong", "value": 1}, {"source": "Al Minser", "target": "Joey", "value": 1}, {"source": "Drake Remoray", "target": "Ross", "value": 1}, {"source": "Danny Arshak", "target": "Rach", "value": 1}, {"source": "Jason Hurley", "target": "Monica", "value": 1}, {"source": "I'll", "target": "Ross", "value": 1}, {"source": "Monica", "target": "Old Yeller", "value": 1}, {"source": "Travis", "target": "Travis", "value": 1}, {"source": "Travis", "target": "Yeller", "value": 2}, {"source": "Richard", "target": "wearing?", "value": 1}, {"source": "Eric Prower", "target": "Ross", "value": 1}, {"source": "Dan", "target": "Ross", "value": 1}, {"source": "Ross", "target": "Spike Lee", "value": 1}, {"source": "Dan", "target": "Eric Prower", "value": 1}, {"source": "Eric Prower", "target": "Spike Lee", "value": 1}, {"source": "Dan", "target": "Spike Lee", "value": 1}, {"source": "Aunt Sylvia", "target": "Chandler", "value": 1}, {"source": "Ben", "target": "Da-da", "value": 1}, {"source": "Ben", "target": "da-da", "value": 1}, {"source": "Da-da", "target": "da-da", "value": 1}, {"source": "Donna Reid", "target": "George Bailey", "value": 1}, {"source": "Chandler", "target": "Richard", "value": 7}, {"source": "Ben", "target": "Bert", "value": 1}, {"source": "Bert", "target": "Bert", "value": 10}, {"source": "Pete", "target": "Pete", "value": 3}, {"source": "Greene", "target": "Rachel", "value": 2}, {"source": "Rachel", "target": "Sandra", "value": 1}, {"source": "Greene", "target": "Joey", "value": 1}, {"source": "Dennis", "target": "Joey", "value": 2}, {"source": "Jim Crochee's", "target": "Leroy Brown", "value": 1}, {"source": "Leroy", "target": "Monica", "value": 1}, {"source": "Joey Tribbianni", "target": "Scott Alexander", "value": 1}, {"source": "Joey", "target": "Scott Alexander", "value": 1}, {"source": "Joey", "target": "Joey Tribbianni", "value": 1}, {"source": "Ashley", "target": "Joseph", "value": 1}, {"source": "Brittany", "target": "Joseph", "value": 2}, {"source": "Ashley", "target": "Brittany", "value": 2}, {"source": "Brittany", "target": "Brittany", "value": 1}, {"source": "Joseph", "target": "Karen", "value": 1}, {"source": "Phoebe", "target": "Ryan", "value": 1}, {"source": "Karen'll", "target": "Milton", "value": 1}, {"source": "Joseph", "target": "Joseph", "value": 1}, {"source": "Beatty", "target": "bad kisser'", "value": 1}, {"source": "Beatty", "target": "Mother Theresa", "value": 1}, {"source": "Mother Theresa", "target": "bad kisser'", "value": 1}, {"source": "Bubble Yum", "target": "Rachel", "value": 1}, {"source": "Benny", "target": "Benny", "value": 1}, {"source": "Wineburg", "target": "Wineburg", "value": 1}, {"source": "Barry Hunter", "target": "Farber", "value": 1}, {"source": "Angela", "target": "Joey Tribiani", "value": 1}, {"source": "Barry", "target": "Best Man", "value": 1}, {"source": "Best Man", "target": "Rachel...", "value": 1}, {"source": "Barry", "target": "Rachel...", "value": 1}, {"source": "Barry", "target": "Ross", "value": 3}, {"source": "Cheers", "target": "Ross", "value": 1}, {"source": "Cheers", "target": "Rachel", "value": 1}, {"source": "Barry", "target": "Cheers", "value": 2}, {"source": "Barr", "target": "Lola", "value": 1}, {"source": "Jabba", "target": "Jabba the Hut", "value": 1}, {"source": "Monica", "target": "Richard", "value": 10}, {"source": "Michelle", "target": "Michelle", "value": 4}, {"source": "Michelle", "target": "Monica", "value": 2}, {"source": "Caller", "target": "Monica", "value": 1}, {"source": "Caller", "target": "Michelle", "value": 1}, {"source": "Michelle", "target": "Richard", "value": 1}, {"source": "Nooo", "target": "Richard", "value": 1}, {"source": "Monica", "target": "Nooo", "value": 1}, {"source": "Geller", "target": "Sherman Whitfield", "value": 1}, {"source": "Joey", "target": "Richard", "value": 1}, {"source": "Phoebe", "target": "kinda cool", "value": 1}, {"source": "Ann", "target": "Phoebe", "value": 1}, {"source": "Annie", "target": "Joey Tribbiani", "value": 1}, {"source": "Annie", "target": "Estelle", "value": 2}, {"source": "Estelle", "target": "Joey Tribbiani", "value": 2}, {"source": "Estelle", "target": "Joey", "value": 7}, {"source": "Annie", "target": "Joey", "value": 1}, {"source": "Joe", "target": "Joe", "value": 2}, {"source": "Ben", "target": "Joe", "value": 1}, {"source": "Ben", "target": "Drop", "value": 1}, {"source": "Drop", "target": "Joe", "value": 1}, {"source": "G. I. Joe", "target": "G. I. Joe", "value": 1}, {"source": "Grandma", "target": "kinda", "value": 1}, {"source": "Cindy Crawford", "target": "Kim Basinger", "value": 1}, {"source": "Halle Berry", "target": "Kim Basinger", "value": 1}, {"source": "Kim Basinger", "target": "Yasmine Bleeth", "value": 1}, {"source": "Jessica Rabbit", "target": "Kim Basinger", "value": 1}, {"source": "Cindy Crawford", "target": "Halle Berry", "value": 1}, {"source": "Cindy Crawford", "target": "Yasmine Bleeth", "value": 1}, {"source": "Cindy Crawford", "target": "Jessica Rabbit", "value": 1}, {"source": "Halle Berry", "target": "Yasmine Bleeth", "value": 1}, {"source": "Halle Berry", "target": "Jessica Rabbit", "value": 1}, {"source": "Jessica Rabbit", "target": "Yasmine Bleeth", "value": 1}, {"source": "Chris O'Donnel", "target": "John F. Kennedy", "value": 1}, {"source": "Chris O'Donnel", "target": "Sting", "value": 1}, {"source": "Chris O'Donnel", "target": "Parker Stevenson", "value": 1}, {"source": "John F. Kennedy", "target": "Sting", "value": 1}, {"source": "John F. Kennedy", "target": "Parker Stevenson", "value": 1}, {"source": "Parker Stevenson", "target": "Sting", "value": 1}, {"source": "Frank", "target": "Frank", "value": 1}, {"source": "Ross", "target": "y'know", "value": 1}, {"source": "Uma Thurman", "target": "Winona Ryder", "value": 1}, {"source": "Elizabeth Hurely", "target": "Uma Thurman", "value": 1}, {"source": "Michelle Pfieffer", "target": "Uma Thurman", "value": 1}, {"source": "Dorothy Hammel", "target": "Uma Thurman", "value": 1}, {"source": "Elizabeth Hurely", "target": "Winona Ryder", "value": 1}, {"source": "Michelle Pfieffer", "target": "Winona Ryder", "value": 1}, {"source": "Dorothy Hammel", "target": "Winona Ryder", "value": 1}, {"source": "Elizabeth Hurely", "target": "Michelle Pfieffer", "value": 1}, {"source": "Dorothy Hammel", "target": "Elizabeth Hurely", "value": 1}, {"source": "Dorothy Hammel", "target": "Michelle Pfieffer", "value": 1}, {"source": "Jasmine", "target": "Whiffler", "value": 1}, {"source": "Chandler", "target": "Wynona Rider", "value": 1}, {"source": "Chandler Bing", "target": "Chandler Bing Bing", "value": 1}, {"source": "Chandler", "target": "Eric", "value": 1}, {"source": "Carol", "target": "Ross y'know", "value": 1}, {"source": "Joey-Ross", "target": "Ross-Joey", "value": 1}, {"source": "Ohhhhh", "target": "Phoebe", "value": 1}, {"source": "Drake Remoray", "target": "Tribbiani", "value": 1}, {"source": "Dom da-da", "target": "Geller", "value": 1}, {"source": "Big Shot", "target": "Big Shot", "value": 3}, {"source": "Monica", "target": "Monica kinda", "value": 1}, {"source": "John", "target": "Mary", "value": 1}, {"source": "Albino Bob'", "target": "Mary", "value": 1}, {"source": "Albino Bob'", "target": "John", "value": 1}, {"source": "Gunther", "target": "Umm", "value": 1}, {"source": "Ewww", "target": "Ugly Naked Guy", "value": 1}, {"source": "Ben", "target": "Monica", "value": 2}, {"source": "Homo Sapiens", "target": "Joey", "value": 1}, {"source": "Ben", "target": "Rachel", "value": 3}, {"source": "Ben", "target": "Monica bang", "value": 3}, {"source": "Ben", "target": "Ben bang", "value": 3}, {"source": "Ben bang", "target": "Monica bang", "value": 1}, {"source": "Monica bang", "target": "Monica bang", "value": 1}, {"source": "Chandler", "target": "Lionel Richie's", "value": 1}, {"source": "Cook", "target": "Ready", "value": 1}, {"source": "Gunther", "target": "Gunther", "value": 13}, {"source": "Gunther", "target": "Ross", "value": 2}, {"source": "Fortunata Fashions", "target": "Rachel", "value": 1}, {"source": "Ross Geller", "target": "Sarah", "value": 2}, {"source": "James Beans", "target": "Rach", "value": 1}, {"source": "Howdy", "target": "Rach", "value": 1}, {"source": "Howdy", "target": "James Beans", "value": 1}, {"source": "Jell", "target": "Joey", "value": 1}, {"source": "Mark", "target": "Rachel", "value": 4}, {"source": "Joey", "target": "Mary-Angela", "value": 1}, {"source": "Mary-Angela", "target": "Mary-Angela", "value": 1}, {"source": "Grandma", "target": "Mussolini", "value": 1}, {"source": "Mark", "target": "Rach", "value": 1}, {"source": "Mark", "target": "Rachel Green", "value": 1}, {"source": "Rachel", "target": "Ross y'know", "value": 1}, {"source": "Chandler", "target": "Mary-Angela", "value": 1}, {"source": "Mark", "target": "Mark", "value": 4}, {"source": "Joey", "target": "Joey Tribbiani", "value": 5}, {"source": "Ross", "target": "kinda", "value": 3}, {"source": "Citizen Kane", "target": "Vertigo", "value": 1}, {"source": "Citizen Kane", "target": "Clockwork Orgy", "value": 1}, {"source": "Clockwork Orgy", "target": "Vertigo", "value": 1}, {"source": "Chandler", "target": "Robert", "value": 1}, {"source": "Robert", "target": "Ross", "value": 1}, {"source": "Amy", "target": "Jo", "value": 2}, {"source": "Jo", "target": "Josephine", "value": 1}, {"source": "Jo", "target": "Laurie", "value": 2}, {"source": "Amy", "target": "Laurie", "value": 1}, {"source": "Beth", "target": "Beth", "value": 1}, {"source": "Jack Nicholson", "target": "Joey", "value": 1}, {"source": "Leslie", "target": "Leslie", "value": 11}, {"source": "Gingeer", "target": "Ginger", "value": 1}, {"source": "Joey", "target": "Mark", "value": 1}, {"source": "Chandler", "target": "Mark", "value": 1}, {"source": "Call Rachel", "target": "Ross", "value": 1}, {"source": "Larry", "target": "kinda", "value": 1}, {"source": "Mark", "target": "Mark Robbinson", "value": 1}, {"source": "Boutros Boutros Gali", "target": "Sergei", "value": 1}, {"source": "Mischa", "target": "Sergei", "value": 1}, {"source": "Mark", "target": "Ross", "value": 4}, {"source": "Chloe", "target": "Jasmine", "value": 2}, {"source": "Chloe", "target": "Phoebe", "value": 1}, {"source": "Chloe", "target": "Rachel", "value": 1}, {"source": "Jasmine", "target": "Jasmine", "value": 1}, {"source": "Jasmine", "target": "Phoebe", "value": 2}, {"source": "Jasmine", "target": "Rachel", "value": 2}, {"source": "Phoebe", "target": "Rachel", "value": 6}, {"source": "Gunther", "target": "Rachel", "value": 6}, {"source": "Joey", "target": "Look Rachel", "value": 1}, {"source": "Alice", "target": "Knight", "value": 2}, {"source": "Alice", "target": "Alice", "value": 1}, {"source": "Julio", "target": "Richard", "value": 1}, {"source": "Pete", "target": "Pete Becker", "value": 1}, {"source": "Bill huggin'", "target": "Pete", "value": 2}, {"source": "Alice", "target": "Rachel", "value": 1}, {"source": "Alice", "target": "kinda", "value": 1}, {"source": "Joey Tribianni", "target": "Victor", "value": 1}, {"source": "Drake Remoray", "target": "Teen Beat", "value": 1}, {"source": "Lady MacBeth", "target": "Sliced Bread", "value": 1}, {"source": "Goldman", "target": "Spiderman", "value": 1}, {"source": "Silverman", "target": "Spiderman", "value": 1}, {"source": "Goldman", "target": "Silverman", "value": 1}, {"source": "Dad", "target": "Monica", "value": 1}, {"source": "Monica", "target": "Silvia", "value": 1}, {"source": "Dad", "target": "Silvia", "value": 1}, {"source": "Chandler Bing Joanna", "target": "Joanna", "value": 1}, {"source": "Ohhh", "target": "Wallpaper", "value": 1}, {"source": "Chan", "target": "Checkin", "value": 1}, {"source": "Ahh-ahh", "target": "Roof", "value": 1}, {"source": "Ahh-ahh", "target": "Rrroof", "value": 1}, {"source": "Roof", "target": "Rrroof", "value": 1}, {"source": "Kate", "target": "Lauren", "value": 3}, {"source": "Marshall", "target": "kinda", "value": 1}, {"source": "Beth", "target": "Jennifer", "value": 2}, {"source": "Beth", "target": "Loreo", "value": 1}, {"source": "Jennifer", "target": "Loreo", "value": 2}, {"source": "Jennifer", "target": "Jennifer", "value": 1}, {"source": "Kate", "target": "Ross", "value": 1}, {"source": "Easy Monica's", "target": "Pete", "value": 1}, {"source": "Ross", "target": "Sanders", "value": 2}, {"source": "Pete", "target": "Ross", "value": 1}, {"source": "Pete", "target": "Rachel", "value": 1}, {"source": "Chandler", "target": "Pete", "value": 1}, {"source": "Joey", "target": "Pete", "value": 2}, {"source": "Ross", "target": "Tommy", "value": 2}, {"source": "Kate", "target": "Kate", "value": 1}, {"source": "Lauren", "target": "Lauren", "value": 1}, {"source": "Joey Tribianni", "target": "Tribianni", "value": 1}, {"source": "Kate Miller's", "target": "Marshal Talmant", "value": 1}, {"source": "Kate", "target": "Sweet", "value": 1}, {"source": "Funny", "target": "Funny", "value": 1}, {"source": "Sorry", "target": "Tommy", "value": 1}, {"source": "Fuzzy-Man", "target": "Idiot", "value": 1}, {"source": "Fuzzy-Man", "target": "Stupid", "value": 1}, {"source": "Dumb Donald Doo-Doo", "target": "Fuzzy-Man", "value": 1}, {"source": "Idiot", "target": "Stupid", "value": 1}, {"source": "Dumb Donald Doo-Doo", "target": "Idiot", "value": 1}, {"source": "Dumb Donald Doo-Doo", "target": "Stupid", "value": 1}, {"source": "Vince", "target": "Vince", "value": 1}, {"source": "Awww", "target": "Ross", "value": 2}, {"source": "Pete", "target": "kinda", "value": 1}, {"source": "Jason", "target": "Vince", "value": 3}, {"source": "Jason", "target": "Jason", "value": 1}, {"source": "Jason", "target": "Vince Plus", "value": 1}, {"source": "Vince", "target": "Vince Plus", "value": 1}, {"source": "Monica Becker", "target": "Pete", "value": 1}, {"source": "Bonnie", "target": "Ross", "value": 2}, {"source": "Bonnie", "target": "Bonnie", "value": 3}, {"source": "Dartmouth", "target": "Dartmouth Bing", "value": 1}, {"source": "Phil", "target": "Stevens", "value": 1}, {"source": "Joel-burg", "target": "Phil", "value": 1}, {"source": "Joel-burg", "target": "Stevens", "value": 1}, {"source": "Bruiser", "target": "Pete Becker", "value": 1}, {"source": "Pete", "target": "Richard", "value": 1}, {"source": "Lily", "target": "Lily", "value": 1}, {"source": "Joey Tribianni", "target": "Take Pinky Tuscadero", "value": 1}, {"source": "Arnold", "target": "Joey", "value": 1}, {"source": "Joey", "target": "Shhhh", "value": 1}, {"source": "Gooood", "target": "Rachel", "value": 1}, {"source": "Bonnie", "target": "Rachel", "value": 1}, {"source": "Bonnie", "target": "Ooh", "value": 1}, {"source": "Monica", "target": "stung", "value": 1}, {"source": "Kay", "target": "Kay", "value": 1}, {"source": "Monica Geller", "target": "Rachel Green", "value": 1}, {"source": "Mommy", "target": "Skeptismo", "value": 1}, {"source": "Amy Welch", "target": "Monica", "value": 2}, {"source": "Julio", "target": "Phoebe", "value": 1}, {"source": "Kelly", "target": "Simmons", "value": 1}, {"source": "Goldie", "target": "Simmons", "value": 1}, {"source": "Simmons", "target": "Steve Brown", "value": 1}, {"source": "Goldie", "target": "Kelly", "value": 1}, {"source": "Kelly", "target": "Steve Brown", "value": 1}, {"source": "Goldie", "target": "Steve Brown", "value": 1}, {"source": "Richard Dorfman", "target": "kinda", "value": 1}, {"source": "Chip Matthews", "target": "Chip Matthews", "value": 1}, {"source": "Joanna", "target": "Rach", "value": 1}, {"source": "Joanna", "target": "Mark", "value": 1}, {"source": "Chandler", "target": "Joanna", "value": 1}, {"source": "Rick", "target": "Rick", "value": 1}, {"source": "Chandler", "target": "Rick", "value": 4}, {"source": "Foxtrot", "target": "Tango", "value": 1}, {"source": "Chucky Cheese", "target": "Ross", "value": 1}, {"source": "Chandler", "target": "Kathy", "value": 2}, {"source": "Kathy", "target": "Kathy!", "value": 17}, {"source": "Josh", "target": "Josh", "value": 2}, {"source": "Josh", "target": "Ross", "value": 2}, {"source": "Kathy!", "target": "Kathy!", "value": 28}, {"source": "Kathy", "target": "Kathy", "value": 1}, {"source": "Joe", "target": "Kathy", "value": 1}, {"source": "Uhl", "target": "Uhl", "value": 1}, {"source": "Monica Geller", "target": "Ross", "value": 1}, {"source": "Casey", "target": "Kathy", "value": 2}, {"source": "Monica Geller's", "target": "Richard Burke", "value": 1}, {"source": "Chandler", "target": "Gunther", "value": 3}, {"source": "Richard Burke", "target": "Timothy Burke", "value": 1}, {"source": "Joanna", "target": "Lynch", "value": 2}, {"source": "Emillio", "target": "Monica", "value": 2}, {"source": "Monica", "target": "Tony", "value": 2}, {"source": "Carlos", "target": "Monica", "value": 2}, {"source": "Marie", "target": "Monica", "value": 2}, {"source": "Emillio", "target": "Tony", "value": 1}, {"source": "Carlos", "target": "Emillio", "value": 1}, {"source": "Emillio", "target": "Marie", "value": 1}, {"source": "Carlos", "target": "Tony", "value": 1}, {"source": "Marie", "target": "Tony", "value": 1}, {"source": "Carlos", "target": "Marie", "value": 1}, {"source": "Chandler", "target": "Ranger", "value": 1}, {"source": "Bagel", "target": "Rachel", "value": 1}, {"source": "Jail", "target": "Rachel", "value": 1}, {"source": "Bagel", "target": "Jail", "value": 1}, {"source": "Chandler", "target": "Patrick", "value": 1}, {"source": "Joey", "target": "Moncia", "value": 2}, {"source": "Moncia", "target": "Rachel", "value": 2}, {"source": "Chandler", "target": "Moncia", "value": 2}, {"source": "Alice", "target": "Frank Jr.", "value": 1}, {"source": "Joey", "target": "Kathy", "value": 2}, {"source": "Ross", "target": "Ross Geller", "value": 4}, {"source": "Peter", "target": "Peter", "value": 1}, {"source": "Peter", "target": "Rhonda", "value": 2}, {"source": "Carl Mulden", "target": "Phoebe", "value": 1}, {"source": "Joey", "target": "Phillips", "value": 1}, {"source": "Alice", "target": "Frank", "value": 14}, {"source": "Chandler", "target": "Chandler Bing", "value": 2}, {"source": "Frank", "target": "Phoebe Buffay", "value": 1}, {"source": "Alice", "target": "Phoebe Buffay", "value": 1}, {"source": "Phoebe Buffay", "target": "Umm", "value": 1}, {"source": "Frank", "target": "Umm", "value": 1}, {"source": "Alice", "target": "Umm", "value": 1}, {"source": "Chandler", "target": "Chester", "value": 1}, {"source": "Chandler", "target": "Susan Sarandon", "value": 1}, {"source": "Chandler", "target": "Tim Robbins", "value": 1}, {"source": "Susan Sarandon", "target": "Tim Robbins", "value": 1}, {"source": "Alec Baldwin", "target": "Kim Basinger", "value": 1}, {"source": "Nicole Kidman", "target": "Tom Cruise", "value": 1}, {"source": "Clint Eastwood", "target": "Mel Gibson", "value": 1}, {"source": "Monica", "target": "Waltham", "value": 2}, {"source": "Joshua", "target": "Rachel Green", "value": 2}, {"source": "Josh", "target": "Joshua", "value": 4}, {"source": "Joshua", "target": "Joshua", "value": 2}, {"source": "Joshua", "target": "Rachel", "value": 2}, {"source": "Charlton Heston", "target": "Joey", "value": 1}, {"source": "Joshua", "target": "Waltham", "value": 1}, {"source": "Joey", "target": "Joshua", "value": 1}, {"source": "Chandler", "target": "Joshua", "value": 1}, {"source": "Rachel Green", "target": "a Rachel Greep", "value": 1}, {"source": "Rachel Greep", "target": "Rachel Greep", "value": 3}, {"source": "Joshua", "target": "Ross", "value": 3}, {"source": "Bob Redford", "target": "Lawrence Oliver", "value": 1}, {"source": "Liam", "target": "Ross", "value": 4}, {"source": "Devon", "target": "Ross", "value": 3}, {"source": "Devon", "target": "Liam", "value": 1}, {"source": "Liam", "target": "Liam", "value": 1}, {"source": "Bottle", "target": "Gunther", "value": 4}, {"source": "Paulo", "target": "Rachel", "value": 1}, {"source": "Colin", "target": "Ross", "value": 2}, {"source": "Colin", "target": "Joey", "value": 1}, {"source": "Frank", "target": "Leslie", "value": 1}, {"source": "Frank JR", "target": "Leslie", "value": 1}, {"source": "JR", "target": "Leslie", "value": 1}, {"source": "Frank", "target": "Frank JR", "value": 1}, {"source": "Frank", "target": "JR", "value": 1}, {"source": "Frank JR", "target": "JR", "value": 1}, {"source": "Emily", "target": "Susan", "value": 2}, {"source": "Joey", "target": "Joey Buttafucco", "value": 1}, {"source": "Mark", "target": "Nah", "value": 1}, {"source": "Barney", "target": "Nah", "value": 1}, {"source": "Barney", "target": "Mark", "value": 1}, {"source": "John Markson", "target": "Mark Johnson", "value": 1}, {"source": "Ace", "target": "Ace", "value": 1}, {"source": "Emily", "target": "Joshua", "value": 1}, {"source": "Emily", "target": "Ross", "value": 5}, {"source": "Ben", "target": "Joey", "value": 3}, {"source": "Chandler", "target": "Gonzalez", "value": 1}, {"source": "Chandler", "target": "Wong", "value": 1}, {"source": "Gonzalez", "target": "Ross", "value": 1}, {"source": "Ross", "target": "Wong", "value": 1}, {"source": "Gonzalez", "target": "Wong", "value": 1}, {"source": "Gunther Central-Perk", "target": "Joey", "value": 1}, {"source": "Chicken Kiev", "target": "Chicken Tarragon", "value": 1}, {"source": "Abbey", "target": "Westminster Abbey", "value": 1}, {"source": "Chandler", "target": "Westminster Abbey", "value": 1}, {"source": "Abbey", "target": "Chandler", "value": 1}, {"source": "Emily Waltham", "target": "Phoebe Buffay", "value": 1}, {"source": "Misses Geller", "target": "Steven", "value": 1}, {"source": "Andrea Waltham", "target": "Misses Geller", "value": 1}, {"source": "Andrea Waltham", "target": "Steven", "value": 1}, {"source": "Ross", "target": "Waltham", "value": 1}, {"source": "Phoebe Buffay", "target": "Ross", "value": 1}, {"source": "Joey Tribbiani", "target": "Ross", "value": 1}, {"source": "Phoebe", "target": "Waltham", "value": 1}, {"source": "Joey", "target": "Phoebe", "value": 10}, {"source": "Joan", "target": "Ross", "value": 1}, {"source": "Miss", "target": "Ross", "value": 1}, {"source": "Bodington", "target": "Ross", "value": 1}, {"source": "Geller", "target": "Ross", "value": 2}, {"source": "Dave", "target": "Ross", "value": 3}, {"source": "Dave", "target": "Dave", "value": 1}, {"source": "Ho-ho-hold", "target": "Kissey", "value": 1}, {"source": "Frank", "target": "Joey", "value": 1}, {"source": "Alice", "target": "Joey", "value": 1}, {"source": "Harad", "target": "Phoebe", "value": 1}, {"source": "Arthur Fonzerelli", "target": "Fonz", "value": 1}, {"source": "Dan", "target": "Monica", "value": 4}, {"source": "Dan", "target": "Dan", "value": 1}, {"source": "Dan", "target": "Kinda", "value": 1}, {"source": "Joe", "target": "Vomit", "value": 1}, {"source": "Ben", "target": "Susan", "value": 2}, {"source": "Phoebe", "target": "Rach", "value": 1}, {"source": "Donald Trump", "target": "Monica", "value": 1}, {"source": "Phoebe", "target": "Phoebe", "value": 2}, {"source": "Phil Huntley", "target": "Phil Huntley", "value": 1}, {"source": "Larry", "target": "Larry", "value": 3}, {"source": "Danny", "target": "Tommy", "value": 1}, {"source": "Ross", "target": "We're", "value": 2}, {"source": "Butternut", "target": "Ross", "value": 1}, {"source": "Jack", "target": "Judy", "value": 1}, {"source": "Wanna", "target": "Wilson", "value": 1}, {"source": "Gauze", "target": "Gauze", "value": 1}, {"source": "Ross Geller's", "target": "Ross Geller's", "value": 3}, {"source": "Annie", "target": "Ross", "value": 1}, {"source": "Annie", "target": "Phoebe", "value": 1}, {"source": "Jane Eyre", "target": "Phoebe", "value": 1}, {"source": "Danny", "target": "Rachel", "value": 1}, {"source": "Feliz Navidad", "target": "Merry", "value": 1}, {"source": "Chandler Bing", "target": "Chandler Bing", "value": 3}, {"source": "Krista", "target": "Rachel", "value": 4}, {"source": "Krista", "target": "Krista", "value": 1}, {"source": "Dragon", "target": "Iceberg", "value": 1}, {"source": "Dragon", "target": "Joseph", "value": 1}, {"source": "Iceberg", "target": "Joseph", "value": 1}, {"source": "Awww", "target": "Big", "value": 2}, {"source": "Ben", "target": "Look Ross", "value": 3}, {"source": "Ben", "target": "Ooh", "value": 1}, {"source": "Chandler", "target": "Joe", "value": 1}, {"source": "Ross", "target": "Tom Jones", "value": 1}, {"source": "Gunther", "target": "Wanna", "value": 1}, {"source": "Doug", "target": "Monica", "value": 2}, {"source": "Doug", "target": "Joey", "value": 1}, {"source": "Meg Ryan", "target": "Tom Hanks", "value": 1}, {"source": "Chandler", "target": "Doug", "value": 1}, {"source": "Big", "target": "Rachel", "value": 1}, {"source": "Bill", "target": "Clinton", "value": 1}, {"source": "Doug", "target": "Kara", "value": 1}, {"source": "Penella", "target": "Pong", "value": 1}, {"source": "Hill", "target": "Joe", "value": 2}, {"source": "Joe Hill", "target": "Shh", "value": 1}, {"source": "A. Happily", "target": "B. Medium", "value": 1}, {"source": "Linda", "target": "Monica", "value": 2}, {"source": "Chandler", "target": "Linda", "value": 1}, {"source": "Grandfather", "target": "Grandmother", "value": 1}, {"source": "Chandler", "target": "Phoebe", "value": 6}, {"source": "Phoebe", "target": "Ross Geller", "value": 1}, {"source": "Howard", "target": "Howard", "value": 191}, {"source": "Hmm", "target": "Rachel tonight", "value": 1}, {"source": "Howard", "target": "Howard!", "value": 20}, {"source": "Joey", "target": "Katie", "value": 1}, {"source": "Silver Spoons", "target": "Sipowicz", "value": 1}, {"source": "Shut", "target": "Shut", "value": 1}, {"source": "Ewwuck", "target": "Monica", "value": 1}, {"source": "Rach", "target": "Ralph Lauren", "value": 2}, {"source": "Gary", "target": "Phoebe", "value": 2}, {"source": "Gary", "target": "Monica", "value": 2}, {"source": "Monica", "target": "Phoebe", "value": 8}, {"source": "Pamela", "target": "Yasmine", "value": 1}, {"source": "Chandler", "target": "Sugar Smacks, Playstation", "value": 1}, {"source": "Kim", "target": "Smokey Smokerson", "value": 1}, {"source": "Kyle", "target": "Raymond, Ben,", "value": 1}, {"source": "Joey", "target": "Raymond, Ben,", "value": 1}, {"source": "Joey", "target": "Kyle", "value": 1}, {"source": "Kyle", "target": "Raymond", "value": 1}, {"source": "Ben", "target": "Raymond", "value": 1}, {"source": "Ben", "target": "Kyle", "value": 1}, {"source": "Ben", "target": "Drake Remoray", "value": 1}, {"source": "Hmm", "target": "Ross", "value": 1}, {"source": "Ja George", "target": "Monica", "value": 1}, {"source": "Monica", "target": "Nooooo", "value": 1}, {"source": "Caitlin", "target": "Ross", "value": 1}, {"source": "Nah", "target": "Ross", "value": 1}, {"source": "Ross", "target": "Ross-Ross", "value": 2}, {"source": "Me", "target": "Rach", "value": 1}, {"source": "Myself", "target": "Rach", "value": 1}, {"source": "Me", "target": "Myself", "value": 1}, {"source": "Betsy", "target": "Shutter Speed", "value": 2}, {"source": "Betsy", "target": "Betsy", "value": 1}, {"source": "Blinky", "target": "Chandler", "value": 1}, {"source": "Miller", "target": "Monica", "value": 1}, {"source": "Joey", "target": "Shutter Speed", "value": 1}, {"source": "George Washington", "target": "Joey", "value": 1}, {"source": "Garfunkle", "target": "Simon", "value": 1}, {"source": "Awww", "target": "Chandler", "value": 1}, {"source": "Vegas", "target": "Whup", "value": 1}, {"source": "Dum-dum-dum", "target": "Dum-dum-dum", "value": 1}, {"source": "Hurry", "target": "Hurry", "value": 6}, {"source": "Phoebe Buffay", "target": "Ross Geller", "value": 1}, {"source": "Look Joey", "target": "Monica", "value": 1}, {"source": "Rachel", "target": "Rachel...", "value": 1}, {"source": "Chandler", "target": "Raquel", "value": 1}, {"source": "Chan", "target": "Chandler", "value": 1}, {"source": "Look Ross", "target": "Rachel", "value": 1}, {"source": "Denise", "target": "Denise", "value": 1}, {"source": "Denise", "target": "Phoebe", "value": 1}, {"source": "Kappa", "target": "Kappa Kappa Deltas", "value": 1}, {"source": "Geller", "target": "Kurt Rathman", "value": 1}, {"source": "Hello Ross", "target": "McNeeley", "value": 1}, {"source": "Alex", "target": "Joey", "value": 3}, {"source": "Alex", "target": "Momma", "value": 1}, {"source": "Joey", "target": "Momma", "value": 1}, {"source": "Momma", "target": "Momma", "value": 3}, {"source": "Ross", "target": "Russell", "value": 1}, {"source": "Leslie", "target": "Monica", "value": 5}, {"source": "Hurry", "target": "Monica", "value": 1}, {"source": "Whoo-ho-ho", "target": "Whoo-ho-hoo", "value": 1}, {"source": "Phoebe", "target": "y'know Rachel", "value": 2}, {"source": "Jack", "target": "Ross", "value": 3}, {"source": "Janine Lecroix", "target": "Lecroix", "value": 1}, {"source": "Look Chandler", "target": "Monica", "value": 1}, {"source": "Hillary", "target": "Hillary", "value": 1}, {"source": "Anne Geddes", "target": "Joey", "value": 1}, {"source": "Hillary", "target": "Ross", "value": 1}, {"source": "Phoebe", "target": "Ralph Lauren", "value": 3}, {"source": "Rachel", "target": "Ralph Lauren", "value": 2}, {"source": "Demon", "target": "Ross", "value": 2}, {"source": "Demon", "target": "Demon", "value": 1}, {"source": "Nah", "target": "Nah", "value": 2}, {"source": "Kenny", "target": "Kenny", "value": 1}, {"source": "Kenny", "target": "Ralph Lauren", "value": 2}, {"source": "Kim", "target": "Rachel", "value": 1}, {"source": "Kim", "target": "Ralph Lauren", "value": 1}, {"source": "Geller", "target": "Rach", "value": 2}, {"source": "Jack Geller Monica", "target": "Ross", "value": 1}, {"source": "Jack Geller", "target": "Jack Geller Monica", "value": 1}, {"source": "Jack Geller", "target": "Ross", "value": 1}, {"source": "Rach", "target": "kiddin", "value": 1}, {"source": "Mary", "target": "Monica", "value": 1}, {"source": "Alright Joey", "target": "wanna", "value": 1}, {"source": "Alright Joey", "target": "Rachel", "value": 1}, {"source": "Alright Joey", "target": "Jacques Cousteau", "value": 1}, {"source": "Alright Joey", "target": "Monica", "value": 1}, {"source": "Rachel", "target": "wanna", "value": 1}, {"source": "Jacques Cousteau", "target": "wanna", "value": 1}, {"source": "Monica", "target": "wanna", "value": 1}, {"source": "Jacques Cousteau", "target": "Rachel", "value": 1}, {"source": "Jacques Cousteau", "target": "Monica", "value": 1}, {"source": "Hmm", "target": "Monica", "value": 2}, {"source": "Janine", "target": "Joey", "value": 1}, {"source": "Pottery Barn", "target": "yuck", "value": 1}, {"source": "Monica", "target": "Nah", "value": 1}, {"source": "Chandler", "target": "Janine", "value": 1}, {"source": "Gunther", "target": "Nah", "value": 1}, {"source": "Monkey", "target": "Steve", "value": 2}, {"source": "Gunther", "target": "Joey", "value": 2}, {"source": "Jill", "target": "Ross", "value": 7}, {"source": "Big", "target": "Big", "value": 1}, {"source": "Gunther", "target": "Phoebe", "value": 2}, {"source": "Mindy", "target": "Ross", "value": 1}, {"source": "Boring", "target": "Monica", "value": 1}, {"source": "Brendy", "target": "Joan", "value": 1}, {"source": "Reggie", "target": "Reggie", "value": 1}, {"source": "God y'know", "target": "Joey Tribbiani's", "value": 1}, {"source": "Roger", "target": "Roger", "value": 1}, {"source": "Drake Remoray", "target": "Joey", "value": 1}, {"source": "Drake Remoray", "target": "Joey Tribbiani", "value": 1}, {"source": "Drake", "target": "Joey", "value": 1}, {"source": "Carol", "target": "Ross", "value": 1}, {"source": "Joey", "target": "Tony Tribbiani", "value": 1}, {"source": "Geller", "target": "Geller", "value": 2}, {"source": "Elizabeth", "target": "She's", "value": 1}, {"source": "McNailshisstudents", "target": "Ross", "value": 1}, {"source": "Lydia", "target": "Mel", "value": 1}, {"source": "Elizabeth", "target": "Lydia", "value": 1}, {"source": "Elizabeth", "target": "Mel", "value": 1}, {"source": "Rachel", "target": "Sebastian", "value": 1}, {"source": "Mac", "target": "Mac Macaveli", "value": 1}, {"source": "Joey", "target": "Mac", "value": 3}, {"source": "Joe", "target": "Mac", "value": 1}, {"source": "Dad", "target": "Paul Stevens", "value": 1}, {"source": "Paul Stevens", "target": "Ross Geller", "value": 1}, {"source": "Dad", "target": "Ross Geller", "value": 1}, {"source": "Elizabeth", "target": "Stevens", "value": 1}, {"source": "Monica", "target": "Stevens", "value": 1}, {"source": "Chandler", "target": "Stevens", "value": 1}, {"source": "Elizabeth", "target": "Paul", "value": 1}, {"source": "Paul", "target": "Ross", "value": 2}, {"source": "Stevens", "target": "Yeah Ross", "value": 1}, {"source": "Bye Rach", "target": "Joey", "value": 1}, {"source": "Chester", "target": "Marcia", "value": 7}, {"source": "Hmm", "target": "Phyllis", "value": 1}, {"source": "Lizzie", "target": "Ross", "value": 3}, {"source": "Lizzie", "target": "Lizzie", "value": 1}, {"source": "Lizzie", "target": "Rachel", "value": 2}, {"source": "Ben", "target": "Carol", "value": 2}, {"source": "Marcia", "target": "Marcia", "value": 1}, {"source": "Chester", "target": "Chester", "value": 1}, {"source": "Marcia", "target": "Phyllis", "value": 1}, {"source": "Chester", "target": "Phyllis", "value": 1}, {"source": "Chandler", "target": "Wayne", "value": 6}, {"source": "Wayne", "target": "Wayne", "value": 4}, {"source": "Elizabeth", "target": "Rachel", "value": 1}, {"source": "Belushi", "target": "Jim Belushi", "value": 1}, {"source": "Elizabeth", "target": "Elizabeth", "value": 1}, {"source": "Chandler", "target": "Rachel...", "value": 1}, {"source": "Thompson", "target": "Thompson", "value": 1}, {"source": "Lisa", "target": "Monica", "value": 1}, {"source": "Chandler", "target": "Lisa", "value": 1}, {"source": "Shh", "target": "Shhhh", "value": 1}, {"source": "Awww", "target": "Monica", "value": 1}, {"source": "Monica-Monica-Monica-Monica", "target": "Ross", "value": 1}, {"source": "Monica-Monica-Monica-Monica", "target": "Rachel", "value": 1}, {"source": "Monica", "target": "Sweet Sixteen", "value": 1}, {"source": "Derrick", "target": "Ian", "value": 2}, {"source": "Derrick", "target": "Derrick", "value": 1}, {"source": "Rach", "target": "Yo-ho-ho", "value": 1}, {"source": "Mike Tyson", "target": "Styrofoam", "value": 1}, {"source": "Joey", "target": "Kinda", "value": 1}, {"source": "Ralph Lauren", "target": "Ralph Lauren", "value": 1}, {"source": "Hilda", "target": "Hilda", "value": 1}, {"source": "Drake Remoray", "target": "Sittin", "value": 1}, {"source": "Chandler", "target": "Geller", "value": 1}, {"source": "Kyle", "target": "Ross", "value": 1}, {"source": "Umm", "target": "Webster", "value": 1}, {"source": "Monica", "target": "Umm", "value": 1}, {"source": "Chandler", "target": "Umm", "value": 1}, {"source": "Monica", "target": "Webster", "value": 1}, {"source": "Chandler", "target": "Webster", "value": 1}, {"source": "Chandler Bing", "target": "Julie", "value": 1}, {"source": "Monica", "target": "Wonder Woman", "value": 1}, {"source": "Monica", "target": "Y'know Rach", "value": 1}, {"source": "Erin", "target": "Rachel", "value": 1}, {"source": "Clark", "target": "Clark", "value": 1}, {"source": "Hmm", "target": "Joey", "value": 1}, {"source": "Monica", "target": "Phyllis", "value": 2}, {"source": "Clunkers", "target": "Monica", "value": 1}, {"source": "Guy", "target": "Guy", "value": 1}, {"source": "Mark Lynn", "target": "Matt Guire", "value": 1}, {"source": "Ben Wire", "target": "Matt Guire", "value": 1}, {"source": "Ben Wire", "target": "Mark Lynn", "value": 1}, {"source": "Betty", "target": "Zelner", "value": 1}, {"source": "Betty", "target": "Tag Sweetcheeks Jones", "value": 1}, {"source": "Hanukkah", "target": "Hanukkah", "value": 2}, {"source": "Dreidel", "target": "Hanukkah", "value": 1}, {"source": "Hanukkah", "target": "dreidel", "value": 2}, {"source": "Dreidel", "target": "dreidel", "value": 2}, {"source": "dreidel", "target": "dreidel", "value": 1}, {"source": "Ben", "target": "Hanukkah", "value": 4}, {"source": "Braverman", "target": "Chandler", "value": 1}, {"source": "Braverman", "target": "Momma", "value": 1}, {"source": "Braverman", "target": "Little Bakery", "value": 1}, {"source": "Little Bakery", "target": "Momma", "value": 2}, {"source": "Joey", "target": "Rachel Karen Green", "value": 1}, {"source": "Awww", "target": "Mel Torme", "value": 1}, {"source": "David", "target": "David", "value": 11}, {"source": "David", "target": "Joey", "value": 2}, {"source": "Damn you", "target": "Oprah", "value": 1}, {"source": "Dad", "target": "Victoria", "value": 1}, {"source": "Beer", "target": "Joey", "value": 1}, {"source": "Joey", "target": "Stevie", "value": 1}, {"source": "Beer", "target": "Joe", "value": 1}, {"source": "Joe", "target": "Stevie", "value": 1}, {"source": "Beer", "target": "Stevie", "value": 1}, {"source": "Earl", "target": "Hi Earl", "value": 1}, {"source": "Francette", "target": "Joey", "value": 1}, {"source": "Monica", "target": "We'll-we'll", "value": 1}, {"source": "Easy Bake", "target": "Ross", "value": 1}, {"source": "Kreeger", "target": "Monica", "value": 1}, {"source": "Grandma", "target": "Monica", "value": 1}, {"source": "Chandler", "target": "Grandma", "value": 1}, {"source": "Ding-Dongs", "target": "Harmonica", "value": 1}, {"source": "Cecilia Monroe", "target": "Jessica Lockhart", "value": 1}, {"source": "Carlos", "target": "Joe", "value": 1}, {"source": "Joe", "target": "Peter", "value": 1}, {"source": "Joe", "target": "Peter Luger", "value": 1}, {"source": "Carlos", "target": "Peter", "value": 1}, {"source": "Carlos", "target": "Peter Luger", "value": 1}, {"source": "Peter", "target": "Peter Luger", "value": 1}, {"source": "Barney", "target": "Barney", "value": 1}, {"source": "Aunt Rachel", "target": "Ben", "value": 1}, {"source": "Horny", "target": "Monica Minister", "value": 1}, {"source": "Joe", "target": "Ross", "value": 2}, {"source": "Ernst Muhlbrat", "target": "Lewis", "value": 1}, {"source": "Joey Tribbiani", "target": "Monica", "value": 3}, {"source": "Gavin Grant", "target": "John Wheeler", "value": 2}, {"source": "Joey Tribbiani", "target": "John Wheeler", "value": 1}, {"source": "Gavin Grant", "target": "Joey Tribbiani", "value": 2}, {"source": "Gavin Grant", "target": "Gavin Grant", "value": 1}, {"source": "Erin Goff", "target": "Sarah Mchann", "value": 1}, {"source": "Erin Goff", "target": "Jessica Ashley", "value": 2}, {"source": "Erin Goff", "target": "Jessica", "value": 1}, {"source": "Chandler", "target": "Erin Goff", "value": 1}, {"source": "Erin Goff", "target": "Monica", "value": 1}, {"source": "Erin Goff", "target": "Ross", "value": 1}, {"source": "Erin Goff", "target": "Rachel", "value": 1}, {"source": "Jessica Ashley", "target": "Sarah Mchann", "value": 2}, {"source": "Jessica", "target": "Sarah Mchann", "value": 1}, {"source": "Chandler", "target": "Sarah Mchann", "value": 1}, {"source": "Monica", "target": "Sarah Mchann", "value": 1}, {"source": "Ross", "target": "Sarah Mchann", "value": 1}, {"source": "Rachel", "target": "Sarah Mchann", "value": 1}, {"source": "Jessica Ashley", "target": "Jessica Ashley", "value": 1}, {"source": "Jessica", "target": "Jessica Ashley", "value": 2}, {"source": "Chandler", "target": "Jessica Ashley", "value": 2}, {"source": "Jessica Ashley", "target": "Monica", "value": 2}, {"source": "Jessica Ashley", "target": "Ross", "value": 2}, {"source": "Jessica Ashley", "target": "Rachel", "value": 2}, {"source": "Chandler", "target": "Jessica", "value": 1}, {"source": "Jessica", "target": "Monica", "value": 1}, {"source": "Jessica", "target": "Ross", "value": 1}, {"source": "Jessica", "target": "Rachel", "value": 1}, {"source": "Chandler", "target": "Hurry", "value": 1}, {"source": "Ah Professor Winston", "target": "Ned", "value": 1}, {"source": "Fredrickson", "target": "Ned", "value": 1}, {"source": "Ah Professor Winston", "target": "Fredrickson", "value": 1}, {"source": "Neil", "target": "Neil Simon", "value": 1}, {"source": "Green", "target": "Ray-ray", "value": 1}, {"source": "Batman", "target": "Val Kilmer", "value": 1}, {"source": "Monica Geller", "target": "Tribbiani", "value": 1}, {"source": "Chandler", "target": "Tribbiani", "value": 1}, {"source": "Chandler", "target": "Monica Geller", "value": 1}, {"source": "Allan", "target": "Theta Beta Pi", "value": 1}, {"source": "Ross", "target": "Val Kilmer", "value": 1}, {"source": "James Bond", "target": "Ross", "value": 1}, {"source": "James Bond", "target": "Val Kilmer", "value": 1}, {"source": "Melissa", "target": "Melissa", "value": 1}, {"source": "Gunther", "target": "James Bond", "value": 1}, {"source": "Joey Tribbiani", "target": "Richard", "value": 1}, {"source": "Richard", "target": "Richard Crosby", "value": 1}, {"source": "Richard", "target": "Vincent", "value": 1}, {"source": "Joey Tribbiani", "target": "Richard Crosby", "value": 1}, {"source": "Joey Tribbiani", "target": "Vincent", "value": 1}, {"source": "Richard Crosby", "target": "Vincent", "value": 1}, {"source": "Bing", "target": "Monica", "value": 1}, {"source": "Bing", "target": "Chandler", "value": 1}, {"source": "Chandler", "target": "Maureen", "value": 2}, {"source": "Maureen", "target": "Maureen", "value": 1}, {"source": "Bing", "target": "Judy", "value": 1}, {"source": "Bing", "target": "Jack Geller", "value": 1}, {"source": "Jack Geller", "target": "Judy", "value": 1}, {"source": "Aaron", "target": "Umm", "value": 1}, {"source": "Paul Newman", "target": "Paul Newman", "value": 1}, {"source": "Anastassakis", "target": "Jennifer Aniston", "value": 1}, {"source": "Anastassakis", "target": "Mazel Tov", "value": 1}, {"source": "Jennifer Aniston", "target": "Mazel Tov", "value": 1}, {"source": "Chandler Acidofolus", "target": "Monica Stephanopolus", "value": 1}, {"source": "James Brolin", "target": "James Brolin", "value": 2}, {"source": "Barbara Streisand's", "target": "James Brolin", "value": 1}, {"source": "Mona", "target": "Mona", "value": 2}, {"source": "Clickclocken", "target": "Mona", "value": 1}, {"source": "Chandler", "target": "Dennis Phillips", "value": 2}, {"source": "James", "target": "James Brolin", "value": 2}, {"source": "Gert", "target": "Hop", "value": 1}, {"source": "David Lynn", "target": "David Lynn", "value": 3}, {"source": "Monica", "target": "Treeger", "value": 2}, {"source": "Joey Tribbiani", "target": "Treeger", "value": 1}, {"source": "Chandler", "target": "Treeger", "value": 1}, {"source": "Shh", "target": "Shh", "value": 1}, {"source": "Head Ross", "target": "Ross", "value": 2}, {"source": "Head Ross", "target": "Head Ross", "value": 1}, {"source": "Long", "target": "Ross", "value": 1}, {"source": "Greg", "target": "Jenny", "value": 4}, {"source": "Chandler", "target": "Jenny yuck", "value": 1}, {"source": "Jenny yuck", "target": "Monica", "value": 2}, {"source": "Jenny", "target": "Jenny yuck", "value": 2}, {"source": "Chandler", "target": "Jenny", "value": 2}, {"source": "Jenny", "target": "Monica", "value": 5}, {"source": "Jenny", "target": "Jenny", "value": 2}, {"source": "Joke", "target": "Joke", "value": 1}, {"source": "Tim", "target": "Tim", "value": 1}, {"source": "Chandler M Bing", "target": "Muriel", "value": 2}, {"source": "Muriel", "target": "Muriel", "value": 1}, {"source": "Kash", "target": "Rachel", "value": 2}, {"source": "Joey", "target": "Wally", "value": 1}, {"source": "Joey", "target": "Kash Ford", "value": 1}, {"source": "Kash", "target": "Ross", "value": 4}, {"source": "Kash", "target": "Kash", "value": 1}, {"source": "Bob", "target": "Chandler Bing's", "value": 1}, {"source": "Mona", "target": "Ross", "value": 3}, {"source": "Err-err", "target": "Phoebe", "value": 1}, {"source": "Sputnik", "target": "Sputnik", "value": 1}, {"source": "Joey", "target": "Mona", "value": 3}, {"source": "Eric", "target": "Ross", "value": 1}, {"source": "Ezel", "target": "Ezel", "value": 1}, {"source": "Imax", "target": "Ross", "value": 1}, {"source": "Green", "target": "Mona", "value": 2}, {"source": "Green", "target": "Green", "value": 2}, {"source": "Jarred", "target": "Will", "value": 1}, {"source": "Anderson", "target": "Anderson", "value": 1}, {"source": "Queen Rachel", "target": "Rachel Green", "value": 1}, {"source": "Rachel", "target": "Rachel Green", "value": 1}, {"source": "Queen Rachel", "target": "Rachel", "value": 1}, {"source": "Adam Carter", "target": "Billy Tratt", "value": 1}, {"source": "Altman", "target": "Ross", "value": 1}, {"source": "Altman", "target": "Takaka Ci-Kek", "value": 1}, {"source": "Ben", "target": "Sting", "value": 2}, {"source": "Dina", "target": "Joey", "value": 1}, {"source": "Ben", "target": "Jack", "value": 3}, {"source": "Bobby", "target": "Dina", "value": 2}, {"source": "Dina", "target": "Dude", "value": 1}, {"source": "Bobby", "target": "Dude", "value": 1}, {"source": "Bobby", "target": "Joey", "value": 1}, {"source": "Long", "target": "Schiff", "value": 1}, {"source": "Monica", "target": "Roger", "value": 1}, {"source": "Rachel", "target": "Roger", "value": 1}, {"source": "Ahh", "target": "Monica", "value": 1}, {"source": "Cujo", "target": "Cujo", "value": 1}, {"source": "Rachel", "target": "Tony", "value": 4}, {"source": "Grrrreat", "target": "Rachel", "value": 4}, {"source": "Grrrreat", "target": "Tony", "value": 1}, {"source": "Ruth", "target": "Ruth", "value": 2}, {"source": "Ruth", "target": "Ruthie Geller", "value": 1}, {"source": "Dayton", "target": "Phoebo", "value": 1}, {"source": "Rach", "target": "Ruth", "value": 1}, {"source": "Heath or Blaine or Sequoia", "target": "Ruth", "value": 1}, {"source": "Ross", "target": "Ruth", "value": 1}, {"source": "Crushes", "target": "Ross", "value": 1}, {"source": "Chandler", "target": "Crushes", "value": 1}, {"source": "Hooray", "target": "Yay", "value": 1}, {"source": "Bob", "target": "Faye Bing", "value": 1}, {"source": "Mona", "target": "Rachel", "value": 2}, {"source": "Candy", "target": "Cookie", "value": 1}, {"source": "Chandler", "target": "Valentine", "value": 1}, {"source": "Mona", "target": "Valentine", "value": 1}, {"source": "Ross", "target": "Valentine", "value": 1}, {"source": "Chandler", "target": "Don", "value": 1}, {"source": "Don", "target": "Monica", "value": 1}, {"source": "Don", "target": "Don", "value": 1}, {"source": "Ooh", "target": "Yay", "value": 1}, {"source": "Jim", "target": "Jim Nelson", "value": 2}, {"source": "Annie", "target": "Chandler", "value": 1}, {"source": "Chi-Chi", "target": "Y'know Monica", "value": 2}, {"source": "Chi-Chi", "target": "Chi-Chi", "value": 1}, {"source": "Classic Ross", "target": "Rachel", "value": 2}, {"source": "Chi-Chi", "target": "Debra Winger", "value": 1}, {"source": "Jack", "target": "Monica", "value": 1}, {"source": "Joey", "target": "Rachel Green", "value": 3}, {"source": "Shelley", "target": "Shelley", "value": 1}, {"source": "Rachel Green", "target": "Rachel Green", "value": 1}, {"source": "Green", "target": "Monica Geller", "value": 1}, {"source": "Drake Remoray", "target": "Joey Trrrribbiani", "value": 1}, {"source": "Kay", "target": "Rachel", "value": 1}, {"source": "Gimmie", "target": "Ross", "value": 1}, {"source": "Chandler", "target": "Congratulations Ross", "value": 1}, {"source": "Joey", "target": "Ray", "value": 1}, {"source": "Duncan", "target": "Erin", "value": 1}, {"source": "Erin", "target": "Joey Tribbiani", "value": 1}, {"source": "Ohh", "target": "Rach", "value": 1}, {"source": "Chandler-Chandler", "target": "Ross", "value": 1}, {"source": "Rachel Green", "target": "Ross Geller", "value": 1}, {"source": "Julie", "target": "Marc Coreger", "value": 1}, {"source": "Jamie", "target": "Ross", "value": 1}, {"source": "Ross", "target": "Sid", "value": 2}, {"source": "Rachel", "target": "Sid", "value": 2}, {"source": "Sid", "target": "Sid", "value": 1}, {"source": "Joey", "target": "Umm y'know", "value": 1}, {"source": "Aaron Litman-Neurolic", "target": "Yoo-hoo", "value": 1}, {"source": "Emma", "target": "Rachel", "value": 12}, {"source": "Rachel", "target": "kinda", "value": 1}, {"source": "Carol", "target": "Elaine", "value": 2}, {"source": "Monica", "target": "Super Aunt", "value": 1}, {"source": "Nah", "target": "Rachel", "value": 1}, {"source": "Emma", "target": "Rubella", "value": 1}, {"source": "Wiener", "target": "Wiener Wiener", "value": 1}, {"source": "Mike", "target": "Mike", "value": 15}, {"source": "Emma", "target": "Ross", "value": 15}, {"source": "Joey", "target": "Mary Ellen Jenkins", "value": 2}, {"source": "Joey", "target": "Mike", "value": 13}, {"source": "Mary Ellen Jenkins", "target": "Mike", "value": 1}, {"source": "Cheesy", "target": "Kosher", "value": 1}, {"source": "Monica Geller", "target": "Nancy", "value": 1}, {"source": "Emma", "target": "Rachel Green", "value": 1}, {"source": "Mary Ellen", "target": "Mike", "value": 5}, {"source": "Javo", "target": "Nancy", "value": 1}, {"source": "Mike", "target": "Ross Geller", "value": 1}, {"source": "Mike", "target": "Mike Haaaaa", "value": 1}, {"source": "Mike Haaaaa", "target": "Ross Geller", "value": 1}, {"source": "Joey", "target": "Victoria", "value": 1}, {"source": "Oprah", "target": "Phoebe", "value": 1}, {"source": "Emma", "target": "Geller", "value": 1}, {"source": "Emma", "target": "Mookurgee", "value": 1}, {"source": "Geller", "target": "Mookurgee", "value": 1}, {"source": "Joseph", "target": "Thou", "value": 1}, {"source": "Mommy", "target": "Ross", "value": 1}, {"source": "Emma", "target": "Judy", "value": 1}, {"source": "Kennedy", "target": "Monica", "value": 1}, {"source": "Kennedy", "target": "Whoo", "value": 1}, {"source": "Chandler", "target": "Kennedy", "value": 1}, {"source": "Monica", "target": "Whoo", "value": 1}, {"source": "Chandler", "target": "Whoo", "value": 1}, {"source": "Emma", "target": "Rach", "value": 2}, {"source": "Judy", "target": "Pick", "value": 2}, {"source": "Pick", "target": "Pick", "value": 1}, {"source": "Judy", "target": "Mike", "value": 1}, {"source": "Emma", "target": "Phoebe", "value": 1}, {"source": "Chandler", "target": "Geoffrey", "value": 1}, {"source": "Mike", "target": "Ooh", "value": 1}, {"source": "David", "target": "Mike", "value": 10}, {"source": "Daniel", "target": "Skdandy", "value": 1}, {"source": "Maitre D.", "target": "Monica", "value": 1}, {"source": "Emma", "target": "Mix Alot", "value": 1}, {"source": "Pincer", "target": "Wallis", "value": 1}, {"source": "Hand Luke", "target": "Magnum Force", "value": 1}, {"source": "Bitsy", "target": "Theodore", "value": 1}, {"source": "Sue Angle", "target": "Tom", "value": 1}, {"source": "Mike", "target": "Theodore", "value": 1}, {"source": "Sue", "target": "Tom", "value": 2}, {"source": "Jen", "target": "Tom", "value": 1}, {"source": "Jen", "target": "Sue", "value": 1}, {"source": "Amy", "target": "Ross", "value": 5}, {"source": "Jill", "target": "Rachel", "value": 1}, {"source": "Amy", "target": "Rachel", "value": 4}, {"source": "Amy", "target": "Jill", "value": 1}, {"source": "Amy", "target": "Monica", "value": 5}, {"source": "Amy", "target": "Chandler", "value": 4}, {"source": "Monica", "target": "We're", "value": 1}, {"source": "Chandler", "target": "We're", "value": 1}, {"source": "Amy", "target": "Joey", "value": 5}, {"source": "Emma", "target": "Monica", "value": 5}, {"source": "Emma", "target": "Emma", "value": 18}, {"source": "Joey", "target": "Uchh", "value": 1}, {"source": "Ross", "target": "Uchh", "value": 1}, {"source": "Amy", "target": "Uchh", "value": 1}, {"source": "Mike", "target": "Ross", "value": 5}, {"source": "Bill", "target": "Ross", "value": 1}, {"source": "Bill", "target": "Emma", "value": 1}, {"source": "Moncia", "target": "Monica", "value": 1}, {"source": "Hanukkah", "target": "Monica", "value": 1}, {"source": "Monica", "target": "Santa Claus", "value": 1}, {"source": "Hanukkah", "target": "Moncia", "value": 1}, {"source": "Moncia", "target": "Santa Claus", "value": 1}, {"source": "Moncia", "target": "Ross", "value": 1}, {"source": "Hanukkah", "target": "Santa Claus", "value": 1}, {"source": "Hanukkah", "target": "Ross", "value": 1}, {"source": "Hanukkah", "target": "Joey", "value": 1}, {"source": "Hanukkah", "target": "Rachel", "value": 1}, {"source": "Chandler", "target": "Hanukkah", "value": 1}, {"source": "Ross", "target": "Santa Claus", "value": 1}, {"source": "Joey", "target": "Santa Claus", "value": 1}, {"source": "Rachel", "target": "Santa Claus", "value": 1}, {"source": "Chandler", "target": "Santa Claus", "value": 1}, {"source": "Oklahoma", "target": "Wendy", "value": 1}, {"source": "Emma", "target": "Ralph Lauren", "value": 1}, {"source": "Gavin", "target": "Ralph", "value": 2}, {"source": "Gavin", "target": "Gavin", "value": 2}, {"source": "Gavin", "target": "Super Gavin", "value": 2}, {"source": "Joey", "target": "Tray", "value": 1}, {"source": "Ralph", "target": "Super Gavin", "value": 1}, {"source": "Emma", "target": "Gavin", "value": 1}, {"source": "Morgan", "target": "Tag", "value": 2}, {"source": "Morgan", "target": "Morgan", "value": 1}, {"source": "Bob", "target": "Robert", "value": 5}, {"source": "Joey", "target": "Molly", "value": 1}, {"source": "Ross", "target": "YOU'RE", "value": 1}, {"source": "Rachel Green", "target": "Rachel Green's", "value": 1}, {"source": "Gavin Mitchelle", "target": "Monica", "value": 1}, {"source": "Awww", "target": "awww", "value": 1}, {"source": "Gavin", "target": "Ross", "value": 3}, {"source": "Bing", "target": "Sonia", "value": 1}, {"source": "Emma", "target": "Joey", "value": 5}, {"source": "Phoebe", "target": "Steve", "value": 1}, {"source": "Lowell", "target": "Ross", "value": 2}, {"source": "Jane", "target": "Joe", "value": 1}, {"source": "Mike", "target": "Monica", "value": 3}, {"source": "Mike Junior", "target": "Monica", "value": 1}, {"source": "Mike", "target": "Mike Junior", "value": 2}, {"source": "Chandler", "target": "Emma", "value": 1}, {"source": "Emma", "target": "chubby", "value": 2}, {"source": "Joey", "target": "Look Emma", "value": 1}, {"source": "Chandler Bing", "target": "Tom Gordon", "value": 1}, {"source": "Kori", "target": "Kori Weston", "value": 1}, {"source": "Chandler", "target": "Mum", "value": 1}, {"source": "Monica", "target": "Mum", "value": 1}, {"source": "Charlie", "target": "Charlie", "value": 5}, {"source": "Emma", "target": "Rachel \"Mommy", "value": 1}, {"source": "Charlie", "target": "Susan", "value": 1}, {"source": "Chandler", "target": "Charlie", "value": 1}, {"source": "Javu", "target": "Javu'", "value": 1}, {"source": "Javu'", "target": "Monica", "value": 1}, {"source": "Javu", "target": "Monica", "value": 1}, {"source": "Don", "target": "Janet", "value": 1}, {"source": "Charlie", "target": "Ross Geller", "value": 1}, {"source": "Jane Rogers", "target": "Joey", "value": 2}, {"source": "Charlie", "target": "Phoebe", "value": 2}, {"source": "Charlie", "target": "Monica", "value": 2}, {"source": "Charlie Wealer", "target": "Rachel", "value": 1}, {"source": "Albert Einstein", "target": "Alby", "value": 2}, {"source": "Alby", "target": "Alby", "value": 1}, {"source": "Charlie", "target": "Joe Phd", "value": 1}, {"source": "Charlie", "target": "Ross", "value": 7}, {"source": "Charlie", "target": "Rach", "value": 2}, {"source": "Charlie", "target": "Joey", "value": 6}, {"source": "Ross", "target": "Wendy", "value": 1}, {"source": "Ja", "target": "Ja", "value": 1}, {"source": "Charlie", "target": "R. Geller", "value": 1}, {"source": "Connelly", "target": "Connelly", "value": 1}, {"source": "Mike", "target": "Rachel", "value": 1}, {"source": "Professor Wheeler", "target": "Sarah", "value": 1}, {"source": "Joey Tribbiani", "target": "Sarah", "value": 1}, {"source": "Joey Tribbiani", "target": "Professor Wheeler", "value": 1}, {"source": "Drake Ramoray", "target": "Ross", "value": 1}, {"source": "Chandler", "target": "David", "value": 2}, {"source": "Mike", "target": "Phoebe", "value": 9}, {"source": "David", "target": "Ross", "value": 1}, {"source": "David", "target": "Monica", "value": 3}, {"source": "Chandler", "target": "Goodbye Mike", "value": 1}, {"source": "Mike", "target": "Roseanne Rosannadanna", "value": 1}, {"source": "David", "target": "Roseanne Rosannadanna", "value": 3}, {"source": "Billy Jean King", "target": "Monica", "value": 1}, {"source": "David", "target": "Phoebe", "value": 2}, {"source": "Eva Trorro", "target": "Frank Medeio", "value": 1}, {"source": "Mike", "target": "Ok Mike", "value": 1}, {"source": "Charlie, Joey and", "target": "Ross", "value": 1}, {"source": "Charlie, Joey and", "target": "Mike", "value": 1}, {"source": "Charlie", "target": "kinda", "value": 2}, {"source": "Aaah", "target": "Ross", "value": 1}, {"source": "Mike", "target": "Susie", "value": 1}, {"source": "Bill", "target": "Colleen", "value": 3}, {"source": "Chandler", "target": "Frank Jr. Jr.", "value": 2}, {"source": "Frank Jr. Jr.", "target": "Leslie", "value": 1}, {"source": "Chandler", "target": "Leslie", "value": 2}, {"source": "Charlie", "target": "Rachel", "value": 3}, {"source": "Monica", "target": "Owen", "value": 1}, {"source": "Chandler", "target": "Mike", "value": 3}, {"source": "Emma", "target": "Richard Crenna", "value": 4}, {"source": "Aunt Monica", "target": "Chandler", "value": 1}, {"source": "Amy", "target": "Charlie", "value": 4}, {"source": "Amy", "target": "Amy", "value": 1}, {"source": "Brady Smith", "target": "Diaz", "value": 1}, {"source": "Benjamin Hobart", "target": "Christie Brinkley", "value": 1}, {"source": "Benjamin Hobart", "target": "Ross Geller", "value": 1}, {"source": "Benji", "target": "Ross", "value": 1}, {"source": "Li", "target": "Li", "value": 1}, {"source": "Gladys", "target": "Monica", "value": 1}, {"source": "Charlie", "target": "Geller", "value": 1}, {"source": "Phoebe Buffay", "target": "X", "value": 1}, {"source": "Claire Danes", "target": "Emma", "value": 1}, {"source": "Emma", "target": "Susanne", "value": 1}, {"source": "Chandler", "target": "Phil", "value": 1}, {"source": "Cameron", "target": "Michelin Man", "value": 1}, {"source": "Alicia Mae", "target": "Rach", "value": 1}, {"source": "Argh", "target": "Monica", "value": 1}, {"source": "Erica", "target": "Monica", "value": 2}, {"source": "Chandler", "target": "Erica", "value": 3}, {"source": "Chandler Bing", "target": "God", "value": 1}, {"source": "Nancy", "target": "Phoebe", "value": 1}, {"source": "Ross", "target": "Sarah Jessica Parker", "value": 1}, {"source": "Chandler", "target": "Donny Osmond", "value": 1}, {"source": "Marie", "target": "Ross", "value": 1}, {"source": "Andrea Tamburino", "target": "John Rosoff", "value": 1}, {"source": "John Rosoff", "target": "Michael Skloff", "value": 1}, {"source": "Andrea Tamburino", "target": "Michael Skloff", "value": 1}, {"source": "Missy Goldberg", "target": "Molly Ringwald", "value": 1}, {"source": "Gene Lester", "target": "Pyramid", "value": 1}, {"source": "Joey Tribbiani", "target": "Pyramid", "value": 1}, {"source": "Gene Lester", "target": "Joey Tribbiani", "value": 1}, {"source": "Gene", "target": "Leslie Charleson", "value": 1}, {"source": "Gene", "target": "Joey", "value": 2}, {"source": "Gene", "target": "Henrietta", "value": 1}, {"source": "Jack", "target": "Jill", "value": 1}, {"source": "Gene", "target": "Joey Tribbiani", "value": 1}, {"source": "Christie Brinkley", "target": "Cindy Crawford", "value": 1}, {"source": "Cindy Crawford", "target": "Heidi Klum", "value": 1}, {"source": "Cindy Crawford", "target": "Claudia Schiffer", "value": 1}, {"source": "Christie Brinkley", "target": "Heidi Klum", "value": 1}, {"source": "Christie Brinkley", "target": "Claudia Schiffer", "value": 1}, {"source": "Claudia Schiffer", "target": "Heidi Klum", "value": 1}, {"source": "Christie Turlington", "target": "Kate Moss", "value": 1}, {"source": "Joey", "target": "Mary Ellen", "value": 2}, {"source": "Joe", "target": "Phoebe", "value": 1}, {"source": "Groomsman", "target": "groomsman", "value": 1}, {"source": "Claude", "target": "Je m'appelle Claude", "value": 1}, {"source": "Erica", "target": "Joey", "value": 2}, {"source": "Bleu de la bleu", "target": "bleu", "value": 1}, {"source": "Erica", "target": "Sex Ed", "value": 1}, {"source": "Claude", "target": "la lu blah bloo", "value": 1}, {"source": "Pfoof", "target": "bloo", "value": 1}, {"source": "je vais vous", "target": "un peu retarde", "value": 1}, {"source": "Gucci", "target": "Gucci", "value": 2}, {"source": "Buffay", "target": "Buffay-Hannigan", "value": 1}, {"source": "Gucci", "target": "Ralph Lauren", "value": 1}, {"source": "Crap Bag", "target": "Mike", "value": 1}, {"source": "Crap", "target": "Mike", "value": 1}, {"source": "Crap", "target": "Crap Bag", "value": 1}, {"source": "Mike", "target": "Rach", "value": 1}, {"source": "Estelle Leonard", "target": "Joey", "value": 1}, {"source": "Ron", "target": "Ross", "value": 1}, {"source": "Louis Vuitton", "target": "Ralph Lauren", "value": 1}, {"source": "Rachel", "target": "Ron", "value": 1}, {"source": "Al T. Booker", "target": "Joey", "value": 1}, {"source": "Joey", "target": "Westside", "value": 1}, {"source": "Al T. Booker", "target": "Estelle", "value": 1}, {"source": "Al T. Booker", "target": "Westside", "value": 1}, {"source": "Estelle", "target": "Westside", "value": 1}, {"source": "Monica", "target": "Sid", "value": 1}, {"source": "Ron", "target": "Zelner", "value": 1}, {"source": "Al Zebooker", "target": "Estelle", "value": 1}, {"source": "Geller", "target": "Rachel", "value": 1}, {"source": "Melrose Place", "target": "Melrose Place", "value": 1}, {"source": "Chandler", "target": "GONNA", "value": 1}, {"source": "Erica", "target": "GONNA", "value": 1}, {"source": "GONNA", "target": "Joey", "value": 1}, {"source": "Atkins", "target": "Emma", "value": 1}, {"source": "Jack Bing", "target": "Jack Bing", "value": 1}, {"source": "Gazette", "target": "Jack Bing", "value": 2}, {"source": "Jordan", "target": "Victor", "value": 1}]