[{"id": "Ohh"}, {"id": "Laverne"}, {"id": "Sliced Bread"}, {"id": "Erin"}, {"id": "Frank Jr."}, {"id": "Will"}, {"id": "Chandler Acidofolus"}, {"id": "GONNA"}, {"id": "Pocket"}, {"id": "Mouse"}, {"id": "Mel Gibson"}, {"id": "Sarah"}, {"id": "Scientist Guy"}, {"id": "Jell"}, {"id": "Grinch"}, {"id": "Debra Winger"}, {"id": "Kristin"}, {"id": "Claire Danes"}, {"id": "Ooh"}, {"id": "Westside"}, {"id": "Grandma"}, {"id": "Josephine"}, {"id": "Ginger"}, {"id": "Twister"}, {"id": "Ernie"}, {"id": "God y'know"}, {"id": "Ewww"}, {"id": "Joe Hill"}, {"id": "Hilda"}, {"id": "Kissey"}, {"id": "Sherman Whitfield"}, {"id": "Cujo"}, {"id": "Je m'appelle Claude"}, {"id": "Geoffrey"}, {"id": "bad kisser'"}, {"id": "Batman"}, {"id": "Cindy Crawford"}, {"id": "Goldie"}, {"id": "Guy"}, {"id": "Gladys"}, {"id": "Helen"}, {"id": "Richard"}, {"id": "John Savage"}, {"id": "Monica Geller's"}, {"id": "Kinda"}, {"id": "Lawrence Oliver"}, {"id": "Look Chandler"}, {"id": "Sugar Smacks, Playstation"}, {"id": "Hi Earl"}, {"id": "Carol"}, {"id": "Boss Man Bing"}, {"id": "Joan"}, {"id": "groomsman"}, {"id": "Lauren"}, {"id": "Richard Crosby"}, {"id": "Bugs"}, {"id": "Hill"}, {"id": "Pyramid"}, {"id": "Cherry Vanilla"}, {"id": "Huey Lewis"}, {"id": "Stalin"}, {"id": "Mel Torme"}, {"id": "Lydia"}, {"id": "Jennifer"}, {"id": "Dreidel"}, {"id": "Elizabeth Hurely"}, {"id": "Crankypants"}, {"id": "Ross Geller"}, {"id": "Pottery Barn"}, {"id": "Nah"}, {"id": "yuck"}, {"id": "Brady Smith"}, {"id": "Nono"}, {"id": "Simon"}, {"id": "Janine"}, {"id": "Ralph"}, {"id": "God"}, {"id": "un peu retarde"}, {"id": "Ernst Muhlbrat"}, {"id": "Schiff"}, {"id": "Andrea Tamburino"}, {"id": "Joey Tribbiani's"}, {"id": "Dartmouth Bing"}, {"id": "Chucky Cheese"}, {"id": "John Markson"}, {"id": "Alright Joey"}, {"id": "Chi Chi"}, {"id": "Jason"}, {"id": "Santa Claus"}, {"id": "Pick"}, {"id": "Gunther Central-Perk"}, {"id": "Cecilia Monroe"}, {"id": "Donny Osmond"}, {"id": "James Bond"}, {"id": "Mindy"}, {"id": "Miller"}, {"id": "Alec Baldwin"}, {"id": "Myself"}, {"id": "Jordie"}, {"id": "Decaf cappucino"}, {"id": "Clockwork Orgy"}, {"id": "Mike"}, {"id": "Aaaaaahhhh"}, {"id": "Howard!"}, {"id": "Wallis"}, {"id": "Mookurgee"}, {"id": "Jessica"}, {"id": "Mary Ellen Jenkins"}, {"id": "Javo"}, {"id": "Marc Coreger"}, {"id": "Albino Bob'"}, {"id": "Flanen"}, {"id": "Jo"}, {"id": "Lola"}, {"id": "Julia"}, {"id": "Dudley Moore"}, {"id": "Sudden Death"}, {"id": "Carlos"}, {"id": "Ah Professor Winston"}, {"id": "Eddie"}, {"id": "Kash Ford"}, {"id": "Frank Medeio"}, {"id": "Michelin Man"}, {"id": "Ohhhhh"}, {"id": "Karen'll"}, {"id": "Ezel"}, {"id": "Grrrreat"}, {"id": "la lu blah bloo"}, {"id": "Wiener"}, {"id": "Melissa"}, {"id": "James"}, {"id": "Scott Alexander"}, {"id": "Johnny Shapiro"}, {"id": "Mom-"}, {"id": "w-w"}, {"id": "Mother Theresa"}, {"id": "Bookbinders"}, {"id": "da-da"}, {"id": "mornin"}, {"id": "Thomas"}, {"id": "Simmons"}, {"id": "Joey Trrrribbiani"}, {"id": "Jew"}, {"id": "Meg Ryan"}, {"id": "Aunt Rachel"}, {"id": "Dina"}, {"id": "Homo Sapiens"}, {"id": "Steve Brown"}, {"id": "Ewwuck"}, {"id": "Flanen-nen"}, {"id": "Al Pacino's"}, {"id": "Dorothy"}, {"id": "Cody"}, {"id": "Dartmouth"}, {"id": "Clint Eastwood"}, {"id": "Russ is Ross"}, {"id": "Fuzzy-Man"}, {"id": "Andrea"}, {"id": "Westminster Abbey"}, {"id": "Joey Buttafucco"}, {"id": "Charlie"}, {"id": "Paul"}, {"id": "Nooooo"}, {"id": "Caller"}, {"id": "Janet"}, {"id": "Blinky"}, {"id": "Brendy"}, {"id": "Uchh"}, {"id": "John Rosoff"}, {"id": "Bert"}, {"id": "mmmwa Susan"}, {"id": "Gert"}, {"id": "Melrose Place"}, {"id": "Bottle"}, {"id": "Alex"}, {"id": "Jamie"}, {"id": "Michael"}, {"id": "Ugly Naked Guy"}, {"id": "Chloe"}, {"id": "Tom Cruise"}, {"id": "Jarred"}, {"id": "Eve"}, {"id": "Eric"}, {"id": "Styrofoam"}, {"id": "Nicole Kidman"}, {"id": "Paul the Wine Guy"}, {"id": "Lipson"}, {"id": "Monica kinda"}, {"id": "Flan"}, {"id": "Joseph Stalin"}, {"id": "Abbey"}, {"id": "Jasmine"}, {"id": "Mona"}, {"id": "Cookie"}, {"id": "Argh"}, {"id": "Jean-Claude Van Damme"}, {"id": "Charlton Heston"}, {"id": "Bob Redford"}, {"id": "Jenny"}, {"id": "Wally"}, {"id": "Lowell"}, {"id": "Muriel"}, {"id": "Janice"}, {"id": "Erica"}, {"id": "Joanna"}, {"id": "Stephen Hurs"}, {"id": "Devon"}, {"id": "Patti"}, {"id": "Luisa Gianetti"}, {"id": "Mary-Angela"}, {"id": "Hanukkah"}, {"id": "Chandler M Bing"}, {"id": "Tom Hanks"}, {"id": "Sipowicz"}, {"id": "Ross-Joey"}, {"id": "Chris O'Donnel"}, {"id": "Crap"}, {"id": "Lemon Soother"}, {"id": "Take Pinky Tuscadero"}, {"id": "Minnie"}, {"id": "Jenny yuck"}, {"id": "Rrrooossss"}, {"id": "Leroy Brown"}, {"id": "Jessica Lockhart"}, {"id": "Gavin"}, {"id": "Marcia"}, {"id": "Beer"}, {"id": "Gauze"}, {"id": "W-w-wh-"}, {"id": "Aunt Sylvia"}, {"id": "Paulo"}, {"id": "Brian"}, {"id": "Ruthie Geller"}, {"id": "Merry"}, {"id": "Jail"}, {"id": "Claudia Schiffer"}, {"id": "Katie"}, {"id": "John F. Kennedy"}, {"id": "Sparky"}, {"id": "Dum-dum-dum"}, {"id": "Chandler Bing Bing"}, {"id": "Wonder Woman"}, {"id": "Jack"}, {"id": "Marcel"}, {"id": "Rachel Green's"}, {"id": "David Lynn"}, {"id": "Uma Thurman"}, {"id": "La-la-la-la"}, {"id": "Me"}, {"id": "Christie Brinkley"}, {"id": "Bob Buttons"}, {"id": "McNailshisstudents"}, {"id": "Super Aunt"}, {"id": "Horny"}, {"id": "Morgan"}, {"id": "Earl Grey"}, {"id": "Mornin"}, {"id": "Charlie Wealer"}, {"id": "Alicia Mae"}, {"id": "Joseph"}, {"id": "Yasmine Bleeth"}, {"id": "Sputnik"}, {"id": "Chip Matthews"}, {"id": "Chandler"}, {"id": "Ron"}, {"id": "Atkins"}, {"id": "Fortunata Fashions"}, {"id": "Jason Costalano"}, {"id": "Err-err"}, {"id": "Leon"}, {"id": "Dan"}, {"id": "Joey Tribbianni"}, {"id": "Spike Lee"}, {"id": "Halle Berry"}, {"id": "Harmon Kilerbrew"}, {"id": "Tag Sweetcheeks Jones"}, {"id": "Ohhh"}, {"id": "Queen Rachel"}, {"id": "Whoo"}, {"id": "Dorothy Hammel"}, {"id": "Sarah Mchann"}, {"id": "Albert Einstein"}, {"id": "Susan Bunch"}, {"id": "Vince"}, {"id": "Sarah Jessica Parker"}, {"id": "Ross-Ross"}, {"id": "Mark Lynn"}, {"id": "Donald Trump"}, {"id": "Braverman"}, {"id": "Congratulations Ross"}, {"id": "Estelle Leonard"}, {"id": "Mira, Ross"}, {"id": "Wayne"}, {"id": "Dom da-da"}, {"id": "Amy"}, {"id": "Richard Crenna"}, {"id": "We'll-we'll"}, {"id": "Sebastian"}, {"id": "Alby"}, {"id": "dreidel"}, {"id": "Valentine"}, {"id": "We're"}, {"id": "Potato Head"}, {"id": "Monana"}, {"id": "Ho-ho-hold"}, {"id": "Mac"}, {"id": "Yeller"}, {"id": "Howdy"}, {"id": "Miss"}, {"id": "Liam"}, {"id": "Grandfather"}, {"id": "Jabba"}, {"id": "Mike Junior"}, {"id": "Jack Bing"}, {"id": "Rachel..."}, {"id": "Mark Johnson"}, {"id": "John Wheeler"}, {"id": "Ned"}, {"id": "Stevens"}, {"id": "Bitsy"}, {"id": "Anderson"}, {"id": "Tribbiani"}, {"id": "Owen"}, {"id": "Phil Huntley"}, {"id": "Chi-Chi"}, {"id": "Sid"}, {"id": "Barney"}, {"id": "Rossy"}, {"id": "Annie"}, {"id": "Ross y'know"}, {"id": "Lily"}, {"id": "Leslie Charleson"}, {"id": "YOU'RE"}, {"id": "Skeptismo"}, {"id": "Patrick"}, {"id": "Silver Spoons"}, {"id": "kiddin"}, {"id": "Michael Skloff"}, {"id": "Greg"}, {"id": "Whoo-ho-hoo"}, {"id": "Waltham"}, {"id": "Ahh-ahh"}, {"id": "Kate Moss"}, {"id": "Joanne"}, {"id": "Javu'"}, {"id": "Whoah"}, {"id": "Richard Dorfman"}, {"id": "Pamela"}, {"id": "Demon"}, {"id": "Dragon"}, {"id": "Ace"}, {"id": "Da-da"}, {"id": "Sweet"}, {"id": "Boss"}, {"id": "Drake Remoray"}, {"id": "Winona Ryder"}, {"id": "Robert"}, {"id": "Ranger"}, {"id": "Mind, y'know"}, {"id": "Jean-Claude"}, {"id": "Estelle"}, {"id": "Jack Nicholson"}, {"id": "Henrietta"}, {"id": "Victoria"}, {"id": "G. I. Joe"}, {"id": "John"}, {"id": "Chunkys"}, {"id": "Bobby Rush"}, {"id": "J.C."}, {"id": "Zelner"}, {"id": "Judy Jetson"}, {"id": "Pete"}, {"id": "Mira, Mira"}, {"id": "Leroy"}, {"id": "Russ... Ross"}, {"id": "Milton"}, {"id": "Butternut"}, {"id": "Penella"}, {"id": "Kash"}, {"id": "Nancy"}, {"id": "mmmwa oh"}, {"id": "Yeah Ross"}, {"id": "Fun Bobby"}, {"id": "Sanders"}, {"id": "Rich"}, {"id": "Betsy"}, {"id": "Long"}, {"id": "Paul Stevens"}, {"id": "Call Joanna"}, {"id": "Barr"}, {"id": "Drew Barrymore"}, {"id": "Wallpaper"}, {"id": "Oprah"}, {"id": "Carl Mulden"}, {"id": "Chandler-Chandler"}, {"id": "Danny Arshak"}, {"id": "David"}, {"id": "Wynona Rider"}, {"id": "Gene"}, {"id": "Michelle Pfieffer"}, {"id": "Frank Jr. Jr."}, {"id": "Erin Goff"}, {"id": "Mike Haaaaa"}, {"id": "Steve"}, {"id": "Carol Willick"}, {"id": "Lisa"}, {"id": "Harmonica"}, {"id": "Ernest"}, {"id": "Susie"}, {"id": "Teen Beat"}, {"id": "Tova Borgnine"}, {"id": "Marshal Talmant"}, {"id": "Bazida"}, {"id": "Raymond"}, {"id": "Marshall"}, {"id": "Mel"}, {"id": "Ja George"}, {"id": "Phillips"}, {"id": "ho"}, {"id": "Anastassakis"}, {"id": "Duncan"}, {"id": "Billy Tratt"}, {"id": "Gooood"}, {"id": "Ross Geller's"}, {"id": "Dennis Phillips"}, {"id": "Joke"}, {"id": "Eva Trorro"}, {"id": "Ebony"}, {"id": "Rubella"}, {"id": "Hand Luke"}, {"id": "Wanna"}, {"id": "Yasmine"}, {"id": "Chester"}, {"id": "Bleu de la bleu"}, {"id": "Misses Geller"}, {"id": "Tribianni"}, {"id": "Roseanne Rosannadanna"}, {"id": "Jennifer Aniston"}, {"id": "Phoebe"}, {"id": "Bodington"}, {"id": "Feliz Navidad"}, {"id": "Yay"}, {"id": "Billy Jean King"}, {"id": "Ian"}, {"id": "Hmm"}, {"id": "Al T. Booker"}, {"id": "Foxtrot"}, {"id": "James Beans"}, {"id": "Jason Greenstein's"}, {"id": "Heidi Klum"}, {"id": "Cobb"}, {"id": "Anne Geddes"}, {"id": "Helen Willick-Bunch-Geller"}, {"id": "Gavin Mitchelle"}, {"id": "Clinton"}, {"id": "Michelle"}, {"id": "Aramis"}, {"id": "Terry"}, {"id": "Rostins"}, {"id": "Drake Ramoray"}, {"id": "Monica Minister"}, {"id": "Andie McDowell"}, {"id": "Pincer"}, {"id": "Claude"}, {"id": "Grandmother"}, {"id": "Smokey Smokerson"}, {"id": "Kennedy"}, {"id": "Al Zebooker"}, {"id": "Faye Bing"}, {"id": "Ethan"}, {"id": "Sandra"}, {"id": "Jane Rogers"}, {"id": "Ray-ray"}, {"id": "Arnold"}, {"id": "Goodbye Mike"}, {"id": "Jacques Cousteau"}, {"id": "Lionel Richie's"}, {"id": "Elizabeth"}, {"id": "Matt Guire"}, {"id": "Gabe Kaplan"}, {"id": "Parker Stevenson"}, {"id": "Wendy"}, {"id": "Arthur Fonzerelli"}, {"id": "Benjamin Hobart"}, {"id": "Glen"}, {"id": "Julio"}, {"id": "Monkey"}, {"id": "Emillio"}, {"id": "Theodore"}, {"id": "Alice"}, {"id": "R. Geller"}, {"id": "Janine Lecroix"}, {"id": "Gucci"}, {"id": "Adam"}, {"id": "Neil Simon"}, {"id": "Krista"}, {"id": "Aurora"}, {"id": "Phoebe Buffay"}, {"id": "Kyle"}, {"id": "Oklahoma"}, {"id": "Maitre D."}, {"id": "awww"}, {"id": "Old Yeller"}, {"id": "Tim Robbins"}, {"id": "Maureen"}, {"id": "li"}, {"id": "Evolution"}, {"id": "Vincent"}, {"id": "King George"}, {"id": "Kathy!"}, {"id": "bloo"}, {"id": "Dexter"}, {"id": "Adam Ritter's"}, {"id": "Karen"}, {"id": "Chandler Bing Joanna"}, {"id": "Iceberg"}, {"id": "Molly"}, {"id": "Karaoke"}, {"id": "Ok Mike"}, {"id": "Snuggles"}, {"id": "Al Minser"}, {"id": "Jan Forever"}, {"id": "Chan"}, {"id": "Christie Turlington"}, {"id": "Wilson"}, {"id": "Donna Reid"}, {"id": "Sonia"}, {"id": "Drew"}, {"id": "Gonzalez"}, {"id": "Bill"}, {"id": "Garfunkle"}, {"id": "Steven"}, {"id": "Farber"}, {"id": "kinda cool"}, {"id": "Laurie"}, {"id": "Bobby"}, {"id": "Rachel \"Mommy"}, {"id": "Kreeger"}, {"id": "Y'know"}, {"id": "Elaine"}, {"id": "Ja"}, {"id": "Rick"}, {"id": "Jill Goodacre"}, {"id": "Cheers"}, {"id": "Err"}, {"id": "Rachel tonight"}, {"id": "Mussolini"}, {"id": "Dave"}, {"id": "el viejo desnudo"}, {"id": "Ready"}, {"id": "Sergei"}, {"id": "Thou"}, {"id": "Timothy Burke"}, {"id": "Chandler Bing"}, {"id": "Belushi"}, {"id": "Dino"}, {"id": "Phyllis"}, {"id": "Kosher"}, {"id": "stung"}, {"id": "Barry Hunter"}, {"id": "Kenny"}, {"id": "Randy Brown"}, {"id": "Kurt Rathman"}, {"id": "Green"}, {"id": "Jill"}, {"id": "her lesbian lover"}, {"id": "Harad"}, {"id": "Push"}, {"id": "Julie."}, {"id": "Kim"}, {"id": "Colleen"}, {"id": "Sorry"}, {"id": "A. Happily"}, {"id": "Mischa"}, {"id": "Bruiser"}, {"id": "wearing?"}, {"id": "Connelly"}, {"id": "Lynch"}, {"id": "wanna"}, {"id": "Gingeer"}, {"id": "Mark Robbinson"}, {"id": "Monica Geller"}, {"id": "Spiderman"}, {"id": "Josh"}, {"id": "Raquel"}, {"id": "Dad"}, {"id": "Aaron"}, {"id": "Daniel"}, {"id": "Ben"}, {"id": "Sean Penn"}, {"id": "Magnum Force"}, {"id": "Bob..."}, {"id": "Sue Angle"}, {"id": "Benji"}, {"id": "Tony"}, {"id": "Vince Plus"}, {"id": "Sidney"}, {"id": "Best Man"}, {"id": "Jane Eyre"}, {"id": "Umm y'know"}, {"id": "Look Emma"}, {"id": "Beatty"}, {"id": "Bagel"}, {"id": "Susan Sarandon"}, {"id": "Jim"}, {"id": "Russell"}, {"id": "mmwa"}, {"id": "Millners"}, {"id": "Look Ross"}, {"id": "Uncle Freddie"}, {"id": "Stevie"}, {"id": "Pete Becker"}, {"id": "Francette"}, {"id": "Bill huggin'"}, {"id": "kinda"}, {"id": "Joshua"}, {"id": "Chandler Bing's"}, {"id": "Larry"}, {"id": "Sorry- Hi"}, {"id": "Boutros Boutros Gali"}, {"id": "Kate"}, {"id": "Lizzie"}, {"id": "Idiot"}, {"id": "Ju Hi"}, {"id": "Vertigo"}, {"id": "Jessica Ashley"}, {"id": "Tom"}, {"id": "Francis"}, {"id": "Russ, Ross"}, {"id": "Gazette"}, {"id": "Loreo"}, {"id": "Beth"}, {"id": "Julie, Ross"}, {"id": "Jessica Rabbit"}, {"id": "Marie"}, {"id": "Big Shot"}, {"id": "Easy Monica's"}, {"id": "Tracy"}, {"id": "Frank"}, {"id": "Gunther"}, {"id": "y'know"}, {"id": "Crushes"}, {"id": "Whoah whoah"}, {"id": "Zinfandel"}, {"id": "Rachel Green"}, {"id": "Luisa"}, {"id": "Damn you"}, {"id": "Paul Newman"}, {"id": "Lady MacBeth"}, {"id": "Want Daddy"}, {"id": "Ben bang"}, {"id": "Ma"}, {"id": "Mike Tyson"}, {"id": "Victor"}, {"id": "Jane"}, {"id": "Dylan fiasco"}, {"id": "Look Eddie"}, {"id": "Frank JR"}, {"id": "Bob"}, {"id": "Super Gavin"}, {"id": "Barry"}, {"id": "Ralph Lauren"}, {"id": "I'll"}, {"id": "Val Kilmer"}, {"id": "Howard"}, {"id": "Neil"}, {"id": "Silverman"}, {"id": "Sweet Sixteen"}, {"id": "James Brolin"}, {"id": "Awww"}, {"id": "Li"}, {"id": "Don"}, {"id": "Colin"}, {"id": "Dude"}, {"id": "Professor Wheeler"}, {"id": "Andrea Waltham"}, {"id": "Denise"}, {"id": "Takaka Ci-Kek"}, {"id": "Candy"}, {"id": "Buffay"}, {"id": "Joel-burg"}, {"id": "Hans Remore"}, {"id": "B. Medium"}, {"id": "Emily"}, {"id": "Bonnie"}, {"id": "Ben Wire"}, {"id": "Theta Beta Pi"}, {"id": "Skdandy"}, {"id": "Clunkers"}, {"id": "Y'know Monica"}, {"id": "Vegas"}, {"id": "Danny"}, {"id": "Clark"}, {"id": "chubby"}, {"id": "Charlie, Joey and"}, {"id": "Bijan"}, {"id": "Rach"}, {"id": "Wha"}, {"id": "Y'know Rach"}, {"id": "Max"}, {"id": "Yo-ho-ho"}, {"id": "Jabba the Hut"}, {"id": "Pong"}, {"id": "Momma"}, {"id": "a Rachel Greep"}, {"id": "Phil"}, {"id": "Mix Alot"}, {"id": "Look Joey"}, {"id": "Jack Geller"}, {"id": "Kori"}, {"id": "Jordan"}, {"id": "Ronni"}, {"id": "Hello Ross"}, {"id": "Lewis"}, {"id": "Citizen Kane"}, {"id": "Monica"}, {"id": "Checkin"}, {"id": "Gimmie"}, {"id": "Cinnamon Stick"}, {"id": "Mommy"}, {"id": "Webster"}, {"id": "Emily Waltham"}, {"id": "Joey"}, {"id": "Lori"}, {"id": "Wiener Wiener"}, {"id": "Stupid"}, {"id": "Cook"}, {"id": "Johnny"}, {"id": "Mac Macaveli"}, {"id": "Hooray"}, {"id": "Tony Tribbiani"}, {"id": "Hillary"}, {"id": "Aunt Syl"}, {"id": "Knight"}, {"id": "Caitlin"}, {"id": "y'know Rachel"}, {"id": "Susanne"}, {"id": "Opossum"}, {"id": "Pfoof"}, {"id": "Linda"}, {"id": "Mint Medley"}, {"id": "Wong"}, {"id": "Joe Phd"}, {"id": "Sex Ed"}, {"id": "Roy"}, {"id": "Fredrickson"}, {"id": "Shelley"}, {"id": "Jamestown"}, {"id": "Monica-Monica-Monica-Monica"}, {"id": "Geller"}, {"id": "Tom Jones"}, {"id": "Easy Bake"}, {"id": "Tommy"}, {"id": "Dumb Donald Doo-Doo"}, {"id": "Sittin"}, {"id": "Tray"}, {"id": "Gavin Grant"}, {"id": "Billy Dreskin"}, {"id": "Kay"}, {"id": "Rodney McDowell"}, {"id": "Mum"}, {"id": "Melanie"}, {"id": "Sue"}, {"id": "bleu"}, {"id": "Ryan"}, {"id": "Jim Belushi"}, {"id": "Buffay-Hannigan"}, {"id": "Jim Crochee's"}, {"id": "Earl"}, {"id": "Monica Stephanopolus"}, {"id": "Peter"}, {"id": "Kathy"}, {"id": "Peanut"}, {"id": "Mazel Tov"}, {"id": "Kim Basinger"}, {"id": "Mark"}, {"id": "Little Bakery"}, {"id": "Jason Hurley"}, {"id": "Louis Vuitton"}, {"id": "Aunt Monica"}, {"id": "Bye Rach"}, {"id": "Barbara Streisand's"}, {"id": "X"}, {"id": "Moncia"}, {"id": "Joey Tribiani"}, {"id": "Look Rachel"}, {"id": "Ding-Dongs"}, {"id": "Wineburg"}, {"id": "Uncle Chandler"}, {"id": "Amy Welch"}, {"id": "Raymond, Ben,"}, {"id": "Julie!"}, {"id": "Tim"}, {"id": "Sting"}, {"id": "Ruth"}, {"id": "La la la la la la la"}, {"id": "David Stein"}, {"id": "Casey"}, {"id": "Shutter Speed"}, {"id": "Julie"}, {"id": "Shut"}, {"id": "haciendo el hula hoop"}, {"id": "Caring Boss"}, {"id": "John Voit"}, {"id": "Jen"}, {"id": "Whup"}, {"id": "Altman"}, {"id": "Barry Finkel"}, {"id": "Treeger"}, {"id": "Thompson"}, {"id": "Gary"}, {"id": "Tag"}, {"id": "je vais vous"}, {"id": "Missy Goldberg"}, {"id": "Tom Gordon"}, {"id": "Aaah"}, {"id": "Boring"}, {"id": "Horton"}, {"id": "Roof"}, {"id": "Wallace"}, {"id": "Cheesy"}, {"id": "Yoo-hoo"}, {"id": "Classic Ross"}, {"id": "Head Ross"}, {"id": "Monica bang"}, {"id": "Judy"}, {"id": "Silvia"}, {"id": "Big"}, {"id": "McNeeley"}, {"id": "Derrick"}, {"id": "Rachel Karen Green"}, {"id": "Diaz"}, {"id": "Dennis"}, {"id": "Rachel Greep"}, {"id": "Molly Ringwald"}, {"id": "Phoebo"}, {"id": "Err yeh"}, {"id": "Crap Bag"}, {"id": "Shhhh"}, {"id": "Joey Tribianni"}, {"id": "Vomit"}, {"id": "Chicken Kiev"}, {"id": "Groomsman"}, {"id": "Dayton"}, {"id": "Angela"}, {"id": "Rrroof"}, {"id": "Drake Remore"}, {"id": "Jim Nelson"}, {"id": "Pete Carney"}, {"id": "Cookie Dough"}, {"id": "Adam Carter"}, {"id": "Frankie"}, {"id": "Hurry"}, {"id": "Ju...Loolie"}, {"id": "Jessy"}, {"id": "Cameron"}, {"id": "Travis"}, {"id": "Kelly"}, {"id": "She's"}, {"id": "Kristen Riggs"}, {"id": "La-la-la-la-la-"}, {"id": "Susan"}, {"id": "Whiffler"}, {"id": "Will Betty"}, {"id": "Heckles"}, {"id": "Mom"}, {"id": "ya know"}, {"id": "Ann"}, {"id": "Reggie"}, {"id": "Salty"}, {"id": "Bugs Bunny"}, {"id": "Bye Bye Birdie"}, {"id": "Heath or Blaine or Sequoia"}, {"id": "Nonono"}, {"id": "Burke"}, {"id": "Joey-Ross"}, {"id": "Ahh"}, {"id": "Whoo-ho-ho"}, {"id": "George Bailey"}, {"id": "Benny"}, {"id": "Call Rachel"}, {"id": "Greene"}, {"id": "Kappa"}, {"id": "Kappa Kappa Deltas"}, {"id": "Javu"}, {"id": "Ashley"}, {"id": "Rhonda"}, {"id": "George Washington"}, {"id": "Kara"}, {"id": "Buddy Boyle"}, {"id": "Drop"}, {"id": "Imax"}, {"id": "Kate Miller's"}, {"id": "Allan"}, {"id": "Gene Lester"}, {"id": "Fiddler"}, {"id": "Aaron Litman-Neurolic"}, {"id": "Russ"}, {"id": "Nooo"}, {"id": "Alan"}, {"id": "Mother-Kisser"}, {"id": "Brittany"}, {"id": "Doug"}, {"id": "Clickclocken"}, {"id": "Joe"}, {"id": "Shh"}, {"id": "Demi Moore"}, {"id": "JR"}, {"id": "Shirley"}, {"id": "Umm"}, {"id": "Mary Ellen"}, {"id": "Uhl"}, {"id": "Emma"}, {"id": "Lecroix"}, {"id": "Lincoln High"}, {"id": "Ray"}, {"id": "Peter Luger"}, {"id": "Hop"}, {"id": "Tango"}, {"id": "Betty"}, {"id": "Drake"}, {"id": "Eric Prower"}, {"id": "Goldman"}, {"id": "Roger"}, {"id": "Bing"}, {"id": "Funny"}, {"id": "Ross"}, {"id": "Leslie"}, {"id": "Joey Tribbiani"}, {"id": "Paolo"}, {"id": "Kori Weston"}, {"id": "Fonz"}, {"id": "Richard Burke"}, {"id": "Jack Geller Monica"}, {"id": "Rachel"}, {"id": "Bullwinkle"}, {"id": "Mary"}, {"id": "Bubble Yum"}, {"id": "Chicken Tarragon"}, {"id": "Monica Becker"}, {"id": "Cathy"}]